facebook.com,0
home_page,0
search,0
user,0
youtube.com,0
爱生活,0
春节,0
房产,0
高能,0
公益,0
关键字,0
纪实,0
矩阵号,0
评论,0
其他,0
视频,0
视频:推荐,0
视频:西瓜视频,0
首页:视频,0
微电影,0
现场,0
校园,0
新时代,0
新鲜事,0
用户,0
直播,0
nan(为空),0
None(无channel),0
None,0
精选,0
热点,0
热门,0
首页:热点,0
首页:推荐,0
推荐,0
shooters,0
创意,0
创意汇,0
创意视频,0
嗨站,0
农人,0
拍客,0
三农,0
视频:原创,0
网红,0
原创,0
自拍,0
world,1
动新闻,1
独家,1
改革开放,1
国际,1
国力全开,1
两会,1
人民视频,1
时政,1
世界,1
新华社,1
新闻,1
要闻,1
影像,1
政务,1
资讯,1
首页:国际,1
传媒,2
电视剧,2
电影,2
广场舞,2
韩流,2
韩娱,2
快男,2
明星,2
片花,2
时尚,2
视频:音乐,2
视频:影视,2
视频:娱乐,2
网剧,2
网络电影,2
文化,2
舞蹈,2
新国风,2
音乐,2
音乐台,2
影视,2
影视剧,2
娱乐,2
综艺,2
fun,2
funny,2
逗逼剧,2
搞笑,2
视频:搞笑,2
视频:小品,2
脱口秀,2
喜剧秀,2
小咖秀,2
小品,2
有趣儿,2
电竞,3
王者荣耀,3
游戏,3
CBA,4
NBA,4
NFL,4
sports,4
冰雪,4
搏击,4
冬奥,4
燃运动,4
世界杯,4
体育,4
运动,4
综合体育,4
足球,4
life,0
健康,0
康乐,0
美容,0
社会,0
生活,0
视频:生活,0
享生活,0
情感,5
星座,5
动漫,0
二次元,0
taste,6
吃货,6
吃货趴,6
美食,6
汽车,7
汽车志,7
knowledge,8
tech,8
纪录片,8
开眼,8
科技,8
科普,8
科学,8
视频:开眼,8
新知,8
涨姿势,8
知识,8
宝宝,9
儿童,9
母婴,9
亲子,9
少儿,9
育儿,9
宠物,10
萌宠,10
旅行,11
旅游,11
趣旅行,11
finance,12
财富,12
财经,12
股票,12
理财,12
china,15
教育,0
视频:社会,15
首页:社会,15
职场,0
佛学,0
历史,0
文史,0
观军事,13
军事,13
首页:军事,13
呆萌,0
萌萌哒,0
萌趣,0
萌物,0
视频:呆萌,0
爱美丽,0
美女,0
女神,0
广告,0
法制,14
网上法院,14
政法网事,14
数码,0
5G,0
海外,0
北京,0
福建,0
广东,0
广州,0
杭州,0
河北,0
河南,0
湖北,0
湖南,0
江苏,0
辽宁,0
南京,0
宁波,0
陕西,0
上海,0
深圳,0
四川,0
苏州,0
天津,0
温州,0
浙江,0
重庆,0
