BTV北京您早栏目,马来西亚,庆祝,独立,周年
前沿岗所,F35,出动,天,发动,袭击,伊,挨打,反击
长江新闻号,火烧,太空,美,魔盒,俄,反击
大国防务,俄罗斯,承诺,土耳其,话音,落,座,哨所,炸
BTV北京您早栏目,证实,南部,发动,空袭
军武天下,德国,陆海空,武器,装备,先进
亮剑精神,首,踢出,北约,国家,欧洲,白宫,拒绝,支付,费用
北京电视台-晚间新闻,东风,家族,历次,阅兵,明星
东方卫视-东方新闻,俄罗斯,非,回应,美方,成功,试射,枚,短程,导弹
人民视频,利比亚,残垣断壁,战争,创伤,触目惊心
大国防务,俄罗斯,突然,关键,时刻,撂挑子,叙利亚,抛弃
游击将,印度,添,敌,美国,毫无办法,克什米尔,问题,转机
大国将令视频,局座,预言,成真,印度,航母,失火,全,木制,家具
中国军视网,苏57,E,美国,机,垄断,表现,出,极大,兴趣
第一军情,核,导弹,发射,射程,近300,公里,严厉,警告,印度
绝对军视,总统,刚,访问,完,俄罗斯,土耳其,变脸,装甲,部队,进入,叙利亚
世界武器分析,油轮,美,逮捕令,德黑兰,丢出,王,炸,前,沉美,航母
长江新闻号,美国,矛头,转向,决心,军事化,太空,仅,天,欧洲,强国,携,出手
环球时报国内,关系,紧张,解放军,台海,附近,度,演习,外媒,关注
霹雳火军事,导弹,军舰,伊朗,终于,亮,出,杀手锏,美,简直,恶魔
思远军事,架,战机,挂实弹,敢,越,线,直接,开火,俄,胆子
虾兵械将,美国,敢,伊朗,张召忠,美军,敢,乱动
全球武器知识,仇,必,报,抓捕,印度,飞行员,遭,印军,印,媒,欢呼
BTV北京您早,证实,南部,发动,空袭
胜腾鉴,关键,时刻,伊朗,研制,出,激光,武器,美军,F-35,隐身,战机
胜腾鉴,印军,克什米尔,突然,开火,双方,士兵,死亡
中国军视网,杜文龙,反导,次,导弹,试射,韩国,挖,坑
胜腾鉴,次,空袭,伊朗,海外,基地,没,敢,惹,美,俄,集体,睁一眼闭一眼
胜腾鉴,伊朗,驻,叙,基地,炸,空袭者,俄军,苏57,隐身,战机
 环球时报军事,架,歼20,框,训练,国产,隐身机,传好,消息,港媒,匹敌,美,机
老参谋,海上,幽灵,舰队,问世,航母,危险,专家,西方,图纸,制造
,超,震撼,钢铁,洪流,进行曲,配,阅兵,全程,MV
绝对军视,激烈,战斗,土耳其,盟友,全线,出击,军队,遭,重创
文史茶馆,军区,司令员,副司令员
虾兵械将,飞行员,驾驶,战机,叛逃,美国,祖国,收到,箱,快递,跳脚
大国天下,印度,军购,买,架,战机,追购,架,枭龙,战机
霹雳火军事,必定,场,血雨腥风,总统,美,呼吁,克制
春秋讲武堂,印度,造,先进,发动机,贷款,法国,合作
北京电视台-晚间新闻,伊朗,美军,方面,成效,显著
空军世界,美国,伊朗,开战,伊拉克,简单,专家,答案
BTV晚间新闻报道,伊朗,总统,敦促,欧洲,国家,履行,核,协议,承诺
狙鹰观天下,现在,航母,造价,高,究竟,装备,艘,俄,全世界,猜错
浙江广播电视台,土耳其,空军,开始,参与,S-400,防空,导弹,系统,培训
军之家,子弹,绿色,欧美,国家,子弹,黄色
BTV北京您早,成功,发射,资源,卫星
全球尖端武器,独门,武器,令,美军,苦不堪言,放腿,发射,骨折
大国将令,国,紧急,宣告,石油,破产,美国,禁令,变成,废纸,伊朗,感谢,盟友,相助
环球火力,美国,概念号,突然,确认,葬身,火海
诸葛小彻,胆够肥,国,直接,拦截,普京,代表团,专机,俄,怒怼,战争,挑衅
虾兵械将,叠,成,豆腐块,美国,叠成,印度,叠成,什么样
强武堂,造价,航母,刚,出海,坏,返厂,难怪,美国
环球时报视频,博尔顿,刚,辞退,特朗普,计划,伊朗,总统
兵说,印,愈演愈烈,枚,导弹,突然,升空,外界,释放,危险,信号
福建电视台海峡新干线,叙利亚,政府军,完全,控制,叙,北部,重镇,曼比季
环球时报热点,崛起,美国,巨头,市场,变成,巨大,存在
北京电视台-晚间新闻,俄,海军,陆战队,完成,军演
通天下,驻,叙,美军,遭到,土耳其,炮火,袭击,土耳其,国防部,恐怖
上海电视台新闻综合频道,叙,库尔德,武装,寻求,叙,政府,俄方,支持
新华网客户端军事,轰6-K,飞行员,曝,绕岛,巡航,时,遭,挑衅,飞机,间隔,米,亮,出,导弹
安徽广播电视台,阅兵,训练,刻苦,认真,昆虫,爬脸,纹丝不动
环球时报视频,美,军舰,天,挑衅,进,美济礁,海里,解放军,警告,驱离
新防务观察,战机,偶然,出,弹射,系统,失灵,飞行员,米,深,巨坑,找到
BTV特别关注栏目,叙利亚,政府军,土耳其,军队,叙,北部,交火
环球时报热点,俄罗斯,落后,俄,媒,应,努力,追赶,现在
北京电视台-特别关注,俄,首次,美,展示,先锋,高超,音速,导弹
环球时报国内,美,高官,美,年底,前,签署,贸易,协议,美国,原本,期盼
霹雳火军事,绝不,耸人听闻,美,密谋,部署,导弹,俄,威胁,摧毁
解放军新闻传播中心融媒体,俄,新型,护卫舰,装备,锆石,导弹,改写,未来,海战,规则
BTV北京您早栏目,美,韩,续签,军事,情报,保护,协定,问题,举行,磋商
,官兵,巡逻路,美,苦
上海电视台新闻综合频道,全球,眼,美军,重返,叙利亚,反恐,添堵
燃军事,莫斯科,红场,阅兵,士兵,高喊,乌拉,传奇,装备,场面
环球时报国内,韩国,瑜,造势,现场,胡志强,做出,动作,隐形,韩粉,挺身而出
扬我军威,落,帝国,谢幕,仅,艘,航空母舰,军事,影响力
扬我军威,歼-20,威龙,战机,机动性,隐身性,优秀,成为,航空,工业,水平,进步,丰碑
中国军视网,专家,吴大辉,美军,出动,B,警告,俄,扔,炸弹
江苏卫视-新闻眼,直击,阅兵,训练场,维和,部队,方队,首秀,徒步,方队,唯一,战斗,装方队
央视网威虎堂,强化,夺岛,战力,举行,登陆,训练,现场,画面,曝光
扬我军威,图,战略,轰炸机,设计,巧妙,隐身,型号,增长
小央视频,俄军,列装,锆石,高超,音速,导弹,美军,拦截,尹卓,难
扬我军威,里,根号,航母,实力,超群,运行,加,燃料
央视新闻,回顾,阅兵,战略,导弹,首秀,国之利器,扬威
青蜂侠,墨西哥,阅兵,尴尬,幕,骑兵,带,马,栽倒,搀扶
环球时报视频,台,炒作,空袭,福建,枚,导弹,炸毁,国台办,回应
环球时报国内,美,华,推行,严厉,政治,手段,美,专家,反应,搬石头砸自己的脚
直播港澳台,首,艘,攻击舰,登陆,模式,颠覆性,跨越
看看新闻Knews,全球,眼,受压,伊朗,脱困
东方卫视-东方新闻,叙利亚,土耳其,宣布,攻下,首城,库尔德,武装,予以,否认
东方卫视-东方午新闻,国庆,阅兵,东风,核,导弹,方队,压轴,方队,震撼,亮相
小林论世界,盯上,国,军迷,建议,歼20,技术,难度,低,仿制
解放军新闻传播中心融媒体,军运会,跳伞,项目,揭秘,定点,跳伞,操作,细节,曝光
央视网威虎堂,世纪,阅兵,单车,误差,厘米,成就,创造,历史
北京电视台-晚间新闻,俄,巨舰,重,出,江湖,美媒,卖力,鼓吹
紫龙防务观察,范围,超,米,普京,复活,超级,武器,美,接受
鼎盛军事,枚,特殊,炸弹,炸毁,吨,洪水,喷涌,吞噬
7号观察室,专坑,印度人,回,拆,飞机,卖给,俄,坑,摔
第一龙军,美,专家,警告,驻,美军,半,全灭,战略,漏洞,暴露
央广军事,次,阅兵,海军,导弹,发展
大国防务,美军,撑腰,库尔德,反击,波次,进攻,土耳其
7号观察室,国产,航母,次,海试,开始,天,月,服役
一号哨所,韩国,忍无可忍,直接,驻,韩,美军,收回,处,基地
BTV首都晚间报道,公开,露面,声称,出卖
环球时报热点,驻,美,崔,天凯,美,讲话,绝不,国家,核心,利益,退让
东方卫视-东方新闻,揭秘,军运会,水,点燃,火炬
长江新闻号,光脚,穿鞋,特朗普,忍无可忍,终于,出手,土耳其,敢,吼,出,狂言
央视新闻,微视,频丨,阅兵,篇,万国牌,造
绝对军视,美国,终于,撑,继,认怂,败,阵
环球时报国内,举行,联合,海上,训练,声明,友好,训练,外媒,关系,升温
解放军新闻传播中心融媒体,俄,组建,猎人,B,部队
央视网威虎堂,战鹰,守,海疆,实拍,苏-30,机群,南海,演训,苏35,半路,杀出,释放,重要,讯息
深圳卫视《正午30分》,解放军,驱离,非法,驶入,西沙,群岛,美国,军舰
上海电视台新闻综合频道,全球眼,停火,美土,达成,协议,难,掩
参考视频,特朗普,带,美军,回家,美媒,派遣,更,美军
扬我军威,歼-15,战机,属于,代,增强型,战斗机
解放军新闻传播中心融媒体,韩,批日,耍,花招,透露,军情,协定,续签,消息,实,掩盖,压力
东方卫视-看东方,女兵,方队,英姿,飒爽,美,芳华
国防时报排头兵,印,关键,时刻,普京,突然,倒向,印度,公开,支持,加入,常任,理事国
大国防务,美国,谈崩,伊朗,突然,宣布,反击,留给,西方,时间,月
 环球时报军事,美,军舰,穿越,台湾,海峡,解放军,战区,军队,始终,保持,高度,戒备
楠竹一,伊朗,海军,紧急,出手,扣押,艘,外国,船只,亚洲,急眼
新闻空间站,波兰,防长,说,美国,批准,波兰,出口,架,F-35,战机
上海电视台新闻综合频道,全球,眼,土,叙,激战,升级,叙,进程,蒙,阴影
北京电视台-特别关注,叙利亚,进行,空袭
北京电视台-晚间新闻,伊朗,海湾,举行,盛大,阅兵
大国防务,美国,先进,军机,援助,印度,部署,近在咫尺,形势,极其
大国飞鹰,卖出,俄,制,武器,俄,高层,支持,印度,修宪,支持,印度,入,常
扬我军威,俄罗斯,求购,攻击舰,失败,决心,建造,核心,技术,必须,掌握,手
小央视频,款,隐身,战机,鹘鹰,惊艳,亮相,应用,技术
集邮人,轰炸机,飞行员,首次,穿越,宫古,海峡,感受,宝岛,美的,风景
第一军情,俄罗斯,议员,遭,扣押,战斗,民族,震怒,美国,挑衅
环球时报视频,受,台风,影响,取消,阅舰,优先,救灾,太原舰,状态,良好
环球时报视频,德,合作,德国,获益良多,弥补,德,话语,赤字,消除,偏见
环球时报国内,台湾,呼吁,推进,统一,加紧,探索,台湾,方案
东方卫视-看东方,空军,举办,航空,开放,活动
大国防务,射程,达,公里,美军,研制,超级,精度,媲美,导弹
黑龙江电视台《新华视点》,美,群鹰,空军,发布,强军,宣传片,鹰击长空,国仗,剑
北京电视台-晚间新闻,应对,海湾,局势,紧张,美,国防部,继续,沙特,增兵
解放军新闻传播中心融媒体,重量级,快递,东风-41,洲际,核,导弹,~
人民视频,帅,秒,空军,开放,活动,歼-20,震撼,全场
爱军,美国,枪,少,听到,发生,枪击案
环球时报热点,韩媒,外长,时隔,年,访问,韩国,预示,韩,关系,持续
新闻空间站,俄,土,叙利亚,东北部,局势,保持,沟通
小央视频,惊险,英国,空军,F-35,空中,加油,失误,加油管
解放军新闻传播中心融媒体,美国,航母,进入,波斯湾,开战,专家,想,进
看看新闻Knews,火药桶,炸,空袭,叙利亚
扬我军威,深圳舰,完成,出色,誉,神州,舰,军地,共建,活动,城舰,品牌
北京电视台-晚间新闻,美国,欲,走,留,强占,叙利亚,东部,石油,产区,美军,赖,叙利亚,考虑
北京电视台-晚间新闻,俄,专家,建议,美,航母,造船厂,列为,目标,称,办法,摧毁,美,全部,航母
环球时报视频,谈判,破裂,韩,美,保护费,谈判,散场,韩方,派,赴,美,砍价
军武次位面,航母,设计师,独家,揭秘,国产,航母
环球时报视频,美媒,欲,航母,部署,新型,反潜,令,美,核潜艇
北京电视台-特别关注,美防长,美,韩,推迟,联合,军演
环球时报热点,超,机动,俄罗斯,勇士,表演队,换,装带,推力,矢量,苏-35S
紫龙防务观察,美国,世界,仅,剩,国,全球,投送,兵力,俄罗斯
解放军新闻传播中心融媒体,俄军,北大西洋,出动,艘,潜艇,吴大辉,考验,北约,反潜
环球时报国内,蔡赖配,公布,韩国,瑜,踩,痛脚,绿营,片,骂声
燃军事,罕见,俄罗斯,苏27,K,战机,苏25UTG,舰载,教练机,首次,舰,珍贵,画面,曝光
军事报道,陆空,联合,高原,锤炼,体系化
中国军网,错过,空军,特种,航空,装备,集体,亮相
环球时报视频,西方,撕裂,彻底,公开化,马克龙,访华,刚,结束,言论,公开
解放军新闻传播中心融媒体,金灿荣,美国,希望,通过,控制,捏住,东亚,西欧
燃军事,美军,称,接连,试射,东风-41,东风,导弹,导弹,专家,回应
环球时报热点,举行,水陆,训练,直指,意在,牵制
军武次位面,弹射型,歼15,曝光,航母,装备,部,电磁,弹射器,排水量,吨
央视网新闻,金正恩,指示,前线,炮击,训练,韩国,国防部,抗议
第一军情,埃尔多安,彻底,怒,刚刚,美,俄,欧,全部,怼
解放军新闻传播中心融媒体,俄,选择,先,堪察加,半岛,建造,装甲,掩蔽,吴大辉,紧邻
小央视频,全球鹰,逼近,俄罗斯,专家,伊朗,美军,淘汰,北约
北京电视台-晚间新闻,暂时,避免,韩,军情,协定,失效,韩,磋商,留出,余地
第一军情,美国,搞,事情,菲律宾
扬我军威,国产,外贸,武器,性能,优异,受到,国外
解放军新闻传播中心融媒体,媒体,t望台,埃尔多安,更,关注,普京,特朗普
央视网威虎堂,解放军,新,步枪,高原,试验,画面,曝光,直指,世界,先进,行列
铁血观世界,俄罗斯,武器,剽窃,美国,原因,国,失败,相似,算是,证据
,仪仗,队员,阅兵,延迟,退伍
军事贴图,北约,骚扰,俄,海军,军演,核,导弹,美,直呼,保持,克制
科罗廖夫,特朗普,激怒,终于,韩国,挥起,寅,回,承受
恶搞笑工坊,伊朗,油轮,拦,事情,新,进展,神秘,国家,出手,救援,军迷
世界武器分析,美军,敢,海域,航行,死活,敢
北京电视台-特别关注,黎巴嫩,真主党,武装,交火
春秋讲武堂,美军,终于,动手,目标,伊朗,战场,投下,吨,弹药
中国军视网,沙特,遇袭,悬疑,导演
军武次位面,奇观,坦克,现,阅兵场,泰国,装甲兵,万国,造,武器,检阅
BTV北京您早栏目,土耳其,叙,北部,库武,发动,军事,北约,秘书长,希望,土方,保持,克制
一号哨所,驻,美军,惹事,天,海军,士兵,逮捕,接受
环球时报视频,韩国,瑜,造势,遭,鸡蛋,袭击,护卫队,砸,韩,办,希望,警方,追究
环球时报国内,游客,持续,创新,低,台,专家,蔡英文,政治,图谋,牺牲,掉,台湾
北京电视台-晚间新闻,欲,船,出海,扩充,军力,美国,压,掏,军费
湖北卫视长江新闻号,空地,联合,行动,土耳其,库尔德,武装,动手
BTV北京您早栏目,特朗普,称,美方,调停,土耳其,叙,库尔德
人民视频,艘,航母,通过,台湾,海峡,赴,南海,开展,科研,试验,例行,训练
环球时报评论,鲁哈尼,拒绝,单独,见特朗普,放话,达成,协议,美国,必须,付出
燃新闻,西藏,群山,深处,支,部队,手,捧,国旗,高喊,宣誓,主权
东方卫视-东方午新闻,俄罗斯,美国,展示,高超,音速,武器,达,音速,倍
新京报,库尔德,武装,土耳其,发动,轰炸,反击,赢,死
小央视频,军运会,赛场,帅,天团,升旗手
海外网,俄罗斯,苏-34,战机,现身,高速,公路,行驶,美国,媒体,惊呆
军武次位面,猖狂,墨西哥,警察,突遭,毒贩,袭击,身亡,凶手,点燃,警车,逍遥法外
北京电视台-晚间新闻,航空,开放,活动,飞行,表演队,精彩,亮相
东方卫视-东方新闻,土耳其,总统,越境,叙,境内,库尔德,武装
新闻360,直,天津,直博会,首次,近距离,展出,实现,项,关键,技术,突破
排头军事,库尔德,发动,猛烈,袭击,土,联军,死伤,惨重,埃尔多安,警告,全面,进攻
环球时报热点,美,国防长,带,首访,越南,鼓动,越军,南海
一号哨所,S-400,摧毁,放弃,选,土耳其,回应,干脆,免谈
小央视频,罕见,炮,实弹,炮击,海上,移动靶,画面,曝光
东方卫视-看东方,塔利班,释放,西方,专家,进程,未,见,曙光
环球时报国内,蔡,回应,明年,蔡英文,台湾,越来越,难过
 环球时报军事,确认,东风,升空,美军,官员,闭口,拒绝,评论
环球时报评论,美若,亚太,部署,坚决,采取,必要,措施,俄
北京电视台-晚间新闻,俄罗斯,国防部,发布,俄,军机,公海,空域,巡航,遭,韩,战机,伴飞
军工记忆,东风,拔地而起,目标,太平洋,处
环球时报国内,企业,建立,强大,新型,市场,美国,巨头
上海电视台新闻综合频道,叙利亚,进行,空袭
安徽广播电视台,军运会,拉开,帷幕,形象,宣传片,出炉
原创学习,美国,做出,重大,决定,贵,航母,福特号,开刀,进行,试验
新华网客户端军事,炮火纷飞,海拔,米,雪域,高原,数十,门,火炮,齐射,硝烟,弥漫,震天撼地
新闻空间站,叙利亚,局势,普京,总理,通,电话,讨论,叙利亚,问题
扬我军威,西方,步枪,普遍,装备,消音器,见,步枪,消音器
环球时报视频,国民党,猛批,蔡英文,包藏,台独,祸心,统一
央视网威虎堂,警报声,响起,军媒,曝运,飞机,失速,科目,受惊,野马,暴怒
 环球时报军事,俄,防长,美军,踏足,国家,没有,想,搅乱,委内瑞拉,局势
解放军新闻传播中心融媒体,目光,坚定,整齐划一,阅兵,训练场,女兵,方队,美爆
解放军新闻传播中心融媒体,丑陋,强悍,凶猛,坦克,杀手,疣猪,A-10
第一军视,专家,带,阅兵,阅兵,方式
环球时报热点,罕见,台风,扰乱,接到,避难,指示
BTV北京您早栏目,遗弹,爆炸,波兰,士兵,死,伤
强武堂,核武,俄罗斯,美,欧,亮,出,核,拳头,普京,反怼,干脆
诸葛小彻,航母,刚,处,裂开,高层,严查
BTV北京您早栏目,俄罗斯,叙利亚,增派,军事,警察,抵达,叙利亚
军工记忆,历时,弹道,飞行,试验,终于,获得,成功
北京电视台-晚间新闻,直-20,部队,急需,重要,装备
环球时报视频,魏凤,美,防长,时,明确,表态,决不,容忍,发生,重大,台独,事变
第一军情,北约,凉,西方,政要,美国,掘墓
东方卫视-看东方,空军,发布,轰-6K,战机,影像,志
央视网,强压,韩国,美国,偏心
环球时报视频,特朗普,库尔德,狠,捅刀,建议,美国,公司,接管,叙利亚,油田
上海电视台新闻综合频道,叙利亚,未,完,添,硝烟,土军,继续,越境
新闻空间站,叙利亚,叙,政府军,扩大,北部,进驻,范围
环球时报国内,俄,合建,导弹,预警,系统,合作,刚,开始,需要,合作
小央视频,激光,武器,威力,试验,明白
中国军视网,海军,航空,组织,新,毕业,空勤,学员,进行,海上,跳伞,训练
大国防务,盯,土耳其,国,动起,手,受伤
山东卫视-早安山东,驻,叙利亚,美军,撤出,进驻,伊拉克
小央视频,紧急,出动,武警,处置,突发,事件
军工记忆,面对,超级大国,核讹诈,突破,困境
迷彩文化,电磁,弹射器,首先,装备,航母,令,意外
中国军视网,空袭,成为,局势,导火索,专家,战争,时
全球尖端武器,战舰,亮相,美,战舰,相比
环球时报视频,美称,弹道,导弹,超,世界,国家,总和,专家,算
福建电视台海峡新干线,土耳其,卡塔尔,国,领导人,磋商,局势,王健,国家,利益,驱使,国,走到
小央视频,造,艘,航母,印度,声称,交付,专家,慢,诡异
新闻空间站,俄罗斯,继续,开展,军方
中国军视网,数字,追求,完美,武警,部队,方队,高标准,选拔
新闻空间站,国庆,阅兵,倒计时,秒,提前,认识,阅兵,徒步,方队
环球时报国内,蔡英文,炮轰,接受,政策,选票,抄袭,捞,功绩
江苏电视台网罗天下,官方,剧透,国庆,阅兵,时长,约,架,飞机,参加,国庆,阅兵
BTV首都晚间报道,美军,战略,轰炸机,飞近,克里米亚,俄军,果断,出击
环球时报国内,台,观光业,崩盘,岛内,舆论,破坏,台海,举措
央视网新闻,款,隐身,战机,消息,央视,曝光,FC-31,超强,细节
环球时报热点,贸易战,没有,赢家,美,新,轮,高,级别,磋商,马上,开始
解放军新闻传播中心融媒体,马里,医疗,紧急,救治,友军,维和
环球时报热点,迅速,崛起,美,矛盾,加大,英媒,读懂,关系,未来,走向
北京电视台-晚间新闻,美,抛弃,盟友,叙,撤军,意欲,重新,拉拢,土耳其
新闻空间站,俄罗斯,俄军,战略,演习,发射,洲际,弹道,导弹
新闻空间站,美防长,特朗普,美军,撤出,叙北部
环球时报国内,东道国,创税,数十亿,美元,带动
环球时报国内,伙伴,关系网,越,织,越,牢固,越来越,方案,转化,国际,行动
央视网威虎堂,喜讯,部队,换装,歼-16,换装,速度,令,瞠目
北京电视台-晚间新闻,土耳其,称,遭受,攻击,继续,叙北,军事,行动
环球时报国际,美国,陆军,接收,新一代,全罩型,头盔,刚,装备,救,士兵,命
中国军视网,土耳其,叙,北部,发动,军事,土,国防部,超两百,库尔德,武装,击毙
北京电视台-特别关注,夺,枚,游泳,金牌,纪录
解放军新闻传播中心融媒体,俄罗斯,军事,发展,思路,明确,美国,没,招儿
环球时报国内,关键,时刻,国民党,力求,团结,开除,批,韩,出事
小央视频,普京,搞定,协议,出兵,空降,美军,基地,特朗普,彻底,失算
央视网新闻,共和国,成立,周年,海军,方队
小央视频,VT-4,坦克,频频,国外,带,探访,坦克,炮管,生产
君大侠,造型,独特,卡宾枪,采用,mm,口径,弹药,供弹,靶场,射击,测试
东方卫视-东方新闻,叙利亚,停火,库尔德,军民,撤离,家园
东方卫视-看东方,沙特,宣布,接受,更多,美军,入驻
环球时报热点,架,C-919,国产,飞机,试飞,历时
锯子科技,运输机,托运,直升机,直升机,运输机
央广军事,盘点,新,阅兵,震撼,画面,难忘
燃军事,走,进,国庆,阅兵,训练场,检阅,女兵,方阵,飒爽
四川电视台,研制,首型,攻击舰
鼎盛军事,俄,卖,军火,月,赚,美元,美,买,送,没用,封杀,彻底,失败
水镜晓先生,士兵,取消,休假,全国,进入,战备,状态,指挥官,枪
一品观世界,护航,编队,伊朗,油轮,掉头,俄,呼吁,停手
兵说,军备,竞赛,避免,普京,亲自,表态,俄罗斯,示弱
绝对军视,部署,采购,架,战机,印度,优势,存在
军事帝,行动,取消,英国,战舰,紧急,撤离,俄,收到,国,特别,警告
解放军新闻传播中心融媒体,韩国,独立,发展,军事,力量,请,听,专家
紫龙防务观察,威胁,全人类,安全,印,国,核,导弹,互相,瞄准,美,俄,称,插手
长江新闻号,美,惩戒,土耳其,埃尔多安,圆滑,博弈,土,爆出,玄机,美国,舍不得,肉
第一军情,美,新任,国安,顾问,博尔顿,强硬,长期,鼓吹,核实战
UTV兵鉴,枚,核,导弹,进入,发射,状态,敢,俄,动手,发射
环球时报视频,美媒,气象局,官员,特朗普,预测,收到,商务,部长,解雇,威胁
新华网客户端军事,英姿,飒爽,实拍,国庆,阅兵,女兵,方队,训练,现场,目光,坚定,整齐划一
中国军视网,军视,直击,阅兵,训练场,阵仗,绝对,高格调
铁鉴腾,伊,盟友,率先,开火,导弹,射去,美,罕见,表态,反对
中国军视网,美军,屡教不改,南海,问题,域外,国家,指手画脚
第一军视,实拍,国庆,阅兵,威武,气势,次,阅兵式
第一财经《财经中间站》,沙特,公布,伊朗,涉,石油,设施,遭袭,事,证据
霹雳火军事,盟友,警告,公开,特朗普,彻底,激怒,东亚,瞬间,认怂
大国将令,维和,部队,受,局座,钱,办事
,泪目,场,阅兵,穿越,年
游击将,印度,官方,闹,笑话,击落,印度,直升机,真凶,找到,原来,竟是
一号哨所,美,国务卿,甩锅式,回答,英国,海军,非,参加,护航,联盟
思远军事,仗,没法,特朗普,开战,伊,军方,释放,爆炸性,消息
大国将令,飞行员,驾驶,战机,叛逃,美国,祖国,收到,箱,快递,跳脚
烽火丹心,飞行员,击落,架,印度,飞机,印,战争,败
3号球员,军事,专家,幽灵,难,探测,发现
恶搞笑工坊,短板,补齐,发动机,实现,重大,突破,担心,航母,进度,问题
楠竹一,力邀,美国,部署,导弹,安倍,终于,迈出,危险,步,开战,必,先,摧毁
看看新闻Knews,焦点,美军,违禁,购买
水镜晓先生,终于,迈出,关键,步,吨,海上,巨兽,初露,真容,强硬,信号
彩云香江君,帝国,坟场,发起,攻击,便,摧毁,架,战机
中国国情,重磅,国产,航母,试挂,满旗,甲板立,支柱,国庆,做,筹备
北京电视台-晚间新闻,首,艘,攻击舰,军事,国防,建设,水平,提升
君大侠,全自动,步枪,靶场,射击,测试,隔,屏幕,感受,威力,强劲
君大侠,步枪,安装,消音器,瞄准镜,配备,容量,弹鼓,武装到牙齿
新防务观察,奇袭,珍珍港,山本,忧心忡忡,美国,做
环球时报视频,台,接连,断交,吴钊燮,蔡英文,交情,非比寻常
解放军新闻传播中心融媒体,揭秘,阅兵,战旗,方队,党旗,辉映,战旗,红
浙江广播电视台,直升机,花式,表演,精彩纷呈,空舞
上海电视台新闻综合频道,方队,新型,方阵,首次,亮相,国庆,阅兵
大国飞鹰,高官,证实,装备,核弹头,战机,部署,前线,防备,战争,爆发
环球时报视频,普京,特朗普,突然,美国,放,特朗普,保持,缄默
新防务观察,亲自,送货,俄,公开,S400,运送,画面,运输机,亲自,配送
聚星扒卦,战场,假装,投降,开枪,扫射,老兵,聪明反被聪明误
解放军新闻传播中心融媒体,探秘,潜艇,部队,艘,潜艇,兴踏浪新,征程
第一龙军,枚,核弹,启封,俄,搬,出,美,忌惮,压箱,底,武器,计划,部署,南美
畅谈天地,伊朗,运,桶,原油,送,份
解放军新闻传播中心融媒体,空军,雄鹰,VIII,联合,训练,联战,联训,助推,体系,制胜
第一龙军,采购,美元,武器,俄,公开,力挺,印度,支持,加入,常任,理事国
燃军事,空军,雄鹰-8,联合,训练,歼-16,火力,全开,精准,目标
小央视频,美军,劲敌,款,出口,国家,性能,超越,捕食者
军事报道,海军,戚继光舰,抵达,东帝汶,进行,友好,访问
君大侠,鲁格,PC卡,宾枪,采用,mm,口径,弹药,供弹,靶场,射击,测试
环球时报视频,蔡英文,激化,国台办,蔡,谋,台独,绝路
军事报道,礼炮,轰鸣,气势磅礴,步伐,展示,国威,军威
环球时报热点,台,专家,明言,台海,发生,战争,美国,出兵,救台,低
环球时报国内,耿爽,积极,筹备,冬奥会,欢迎,继续,参赛
小央视频,款,武器,亮相,阅兵式,开火,猛
北京电视台-晚间新闻,土,叙,局势,升级,特朗普,释放,囚犯,拖美,没戏
环球时报国内,总理,高度,评价,关系,国,友谊,牢不可破,发展,势头,良好
小央视频,揭秘,国庆,周年,阅兵,亮相,新型,步枪,造,出来
中国军网,集合,徒步,方队,送,~
燃新闻,东风,亮剑,出,鞘,台媒,猛,夸,绿营,忍,终极,战略,武器
浙江广播电视台,土耳其,叙,泉,行动,继续
BTV北京您早栏目,伊朗,土耳其,举行,军演
绝对军视,停火,协议,失效,伊德利卜,战火,重燃,俄,叙,叛军,发动,猛烈,进攻
解放军新闻传播中心融媒体,俄,猎人,B,首飞,成功
燃军事,巾帼,须眉,女兵,组成,女兵,方队,惊艳,亮相,步伐,铿锵
青蜂侠,秒,徒步,方队,高燃,混剪,铮铮,铁,骨手,握,钢枪,气势如万马,奔腾
北京电视台-晚间新闻,土耳其,继续,叙利亚,北部,库尔德,武装,发动,军事
直播港澳台,土耳其,国防部,控制,叙利亚,北部,座,城市
BTV北京您早栏目,土耳其,继续,叙利亚,北部,库尔德,武装,发动,军事
看看新闻Knews,庆祝,空军,成立,周年,活动,举行,展示,歼-20,歼-16,战机
中华神盾舰,美,发动机,差距,美国,战机,尾烟,红色,蓝色
君大侠,格洛克26,式,手枪,野外,射击,测试,备受,欢迎
上海电视台新闻综合频道,全球,眼,土,叙,军事,行动,进入,天
我们视频,庆祝,新,成立,周年,阅兵,仪仗,方队,接受,检阅
环球时报热点,台湾,完,蔡英文,称,国民党,炒作,韩国,瑜回,呛蔡,根源
,音乐,响起,时,泪目,阅兵,散场,战旗,送,战车
北京电视台-晚间新闻,美国,航母,霍尔木兹,海峡,进入,海湾
北京电视台-晚间新闻,俄罗斯,俄,土,互信,进一步,强化
青蜂侠,帅,天团,抢先,记者,专访,国庆,阅兵,学霸,方队
军之家,硫磺岛,战役,美军,损失,惨重,直接,加速,原子弹,轰炸,步伐
央视新闻,艘,航母,通过,台湾,海峡
燃新闻,刻苦,训练,默默,坚守,香港,驻,港,空军,防空兵,干
扬我军威,F-15,重型,战斗机,改进型,繁多,整体,工艺,水平,出其右
鼎盛防务,亚洲,放出,狠,话,扩增,艘,舰艇,美,敢,说
真超级军事迷,国产,飞机,传,喜讯,波音,发出,求援,信号,敲响
霹雳火军事,俄罗斯,总统,普京,迈出,重要,步,扬言,重启,苏联,风光
BTV北京您早栏目,艘,航母,通过,台湾,海峡
健康之百事通,国产,造船厂,提速,天,退役,艘,舰船,淘汰,数量,直,追,海上
BTV北京您早,伊朗,宣布,释放,扣,英国,游轮,部分,船员
大国防务,美国,出卖,刚,抖露,条,猛料,势必,炸锅
解放军新闻传播中心融媒体,军视,铁甲,劲旅,亮剑,库尔勒,帧,热血,沸腾
胜腾鉴,准备,总理,直言,动用,核武器,印度,收场
浙江广播电视台,东风,核,导弹,震撼,出场
历史微鉴短视频,苏联,制造,物,送到,美国,监听,年,美,愤怒,联合国,公示
军事贴图,亚洲,派出,艘,远洋,战舰,远,赴,伊朗,保护,油轮,英
新防务观察,俄罗斯,伊朗,联手,美国,侦察,卫星,骗,武器,送达,德黑兰
东方卫视-东方新闻,白求恩,老朋友
水镜晓先生,欧洲,国家,爆发,死亡,持续,联合国,务必,保持,克制
燃军事,刚刚,韩媒,宣扬,军机,飞入,韩国,防空,识别区,战机,紧急,升空,监视
东方卫视-东方午新闻,土耳其,叙,北部,库武,发动,军事
上海电视台新闻综合频道,叙利亚,停火,库尔德,军民,撤离,家园
燃军事,乌兹别克斯坦,军队,实射,外贸版,红旗,导弹,精准,靶机
大国防务,栽,吨,战,坦克,架,直升机,紧急,营救
第一龙军,新,航母,采用,核动力,专家,推测,见证,奇迹,发生
中国军视网,显示,军事,力量,突破,专守,防卫
军武次位面,吃哑巴亏,沙特,油田,胡塞,武装,干翻,恐怕,幕后,黑手
铁拳大卫君,印度,空军,司令,驾机,挑战,枭龙,逼退
强国网,协议,达成,美军,天,基地,撤出,背后,原因,简单
福建电视台海峡新干线,台,行政,机构,通过,采购,F-16V,战机,特别,条例
 环球时报军事,联合国,美,英,法,杀害,平民,蓄意,提供,食物,饥荒,难民
南方都市报,成功,发射,颗,北斗,导航,卫星,北斗,全球,组网,完成,进入,倒计时
鼎盛贴图,韩国,爆发,游行,邻国,引进,F-35,战机,獠,牙露,出来
燃军事,唱,反调,沙特,石油,设施,遇袭,美国,矛头,指向,伊朗,毫无,证据
北京电视台-晚间新闻,美国,强硬,威胁,阻止,埃及,购,俄,战机,美国,警告,埃及,购买,俄,制,苏35,战机,面临,制裁
央视网威虎堂,美,韩,军费,谈判,终,友谊,说,翻,翻
东方卫视-看东方,东盟,防长,扩大会,国,联合,实兵,演习,昨天,结束
环球时报国际,惊险,数百,火箭弹,袭击,险些,落入,车流
虹摄库尔斯克,美国,全球,搜刮,武器,装备,俄,制,防空,导弹,练,飞行员
湖北卫视长江新闻号,土耳其,遣返,伊斯兰国,囚犯,欧美,纷纷,躲避
环球时报国内,商务部,重申,取消,加征,关税,重要,美,双方,进行,深入,讨论
新闻空间站,美,韩,商定,推迟,联合,空中,演习
BTV北京您早安,国防军,继续,加沙,杰哈德,军事,目标
无未东西,掩饰,野心,美称,亚洲,部署,导弹,国,警告,邀请,进驻
铁血观世界,航母,陆地,行走,欧美,引以为傲,技术,掌握
环球时报国内,特朗普,害怕,技术,超越,美国,澳前,总理,努力
上海电视台新闻综合频道,艘,航母,通过,台湾,海峡
央视网威虎堂,走,进,海军,测试,靶场,导弹,掠过,海天,靶船,瞬间,化成,团,火球
中国军视网,专家,带,阅兵,变化,变
东方卫视-看东方,阅兵场,老兵,雷宇,支,串,次,阅兵
7号观察室,美军,先进,飞机,宣布,退役,架,值,架,F-35
东方卫视-东方新闻,俄罗斯,首次,美国,展示,先锋,高超,音速,导弹
全球尖端武器,航母,保养,升级,时间,长
解放军新闻传播中心融媒体,美,新,导弹,突破,俄,S-500,防御
直播港澳台,土耳其,叙利亚,军事,行动,造成,平民,伤亡
BTV首都晚间报道,美,欲,夺,油田,拉拢,库尔德,控制,叙利亚,政局,走向
7号观察室,美,航母,换装,新,雷达,俄罗斯人,见,拦,没,实际
第一军视,剧情,惊天,反转,美军,叙,杀,回马枪
上海电视台新闻综合频道,叙利亚,政府,拒绝,库尔德,武装
环球时报视频,美,战舰,穿越,台海,时,遭,舰机,监视,美媒,穿越,激怒
全球尖端武器,夜,惊喜,突现,架,飞机,惹,俄罗斯,直呼,悔之晚矣
环球时报视频,蔡英文,污蔑,暗中,支持,韩国,瑜,痛斥,漏洞百出,疑点,重重,栽赃
小央视频,俄军,试射,毫米,巨炮,专家,警告,北约,逼急
东方卫视-看东方,海军,西宁舰,护送,香港,绿宝石,商船,抵达,亚丁湾,西部,海域
大国鉴,图,飞越,欧洲,国,战机,接力,拦截,苏35,亮,导弹,敢,动
军之家,世界,强,坦克,美国,愿,驾驶,驾驶员,全都,染,怪异,疾病
燃军事,祖国,万岁,海军,编队,护航,香港,商船,船员,高举,感谢,祖国
军武次位面,苏联,早已,退役,战机,竟,服役,半,世纪,成为
央视新闻,扔,土豆,送,美军,库区,民众,高喊,滚,骗子
 环球时报军事,解放军,强硬,警告,美国,说出,字,语气,特别,重,美国,掂量
中国军网,红箭,导弹,躲,清楚
BTV首都晚间报道,叙,境内,伊朗,军事,目标,轰炸,造成,伤亡
燃军事,叙利亚,美军,俄亥俄,级,核潜艇,肌肉
解放军新闻传播中心融媒体,伊,美,态度,强硬,房兵,美国,美军,受
上海电视台新闻综合频道,焦点,通过,台湾,海峡,国产,航母,迎来,入列,前
全球尖端武器,刚刚,战机,誉为,山姆大叔,千里眼,豪掷,进口
中新视频,军运会,男篮,男篮,战胜,美国队
看看新闻Knews,全球,眼,俄,S-400,首次,军演,欧洲,腹地,北约,淡定
扬我军威,核航母,驱逐舰,护卫舰,军舰,核动力
解放军新闻传播中心融媒体,核常,兼备,受阅,官兵,阅兵场,走向,战场
燃军事,硬核,实拍,深圳舰,实战,演习,主炮,干扰,弹狂,甩,编织,形成,保护网
新闻空间站,军运会,首日,获,金,银,铜,位列,奖牌榜
一号哨所,美,高官,谴责,美元,建,核动力,驳船,美,士兵,出海,出事
环球时报视频,美媒,美,休战,前,美,专家,警告,特朗普,美,紧张,升级,危及
决胜制高点,土,叙,博弈,美,俄,特朗普,高调,庆祝,达成,协议,土耳其,反应,冷淡
中国军视网,探秘,阅兵,训练场,神秘,歼击机,梯队,机型,组成
强国网,月船,测到,太阳,耀斑,印度人,成就,伟大,成功
燃新闻,埃尔多安,美国,必须,交出,叙利亚,民主,力量,头目,通缉,恐怖
解放军新闻传播中心融媒体,战略,核,导弹,部队,前世今生
北京电视台-晚间新闻,埃尔多安,叙,库尔德,武装,必须,安全区,撤离
环球时报热点,美媒,莫雷,发本,年度,具,破坏性,推文,NBA,面临,必,输,局面
中国军视网,海军,太原舰,抵达,横须,贺
山东卫视-早安山东,天津,直升机,博览会,场,飞行,表演
央视网快看,备份,飞行员,天安门,公里,处,折返
环球时报视频,气氛,寻常,国产,航母,刚,驶离,台湾,海峡,台军,开始,反空袭,演练
中新视频,赴,黎巴嫩,维和,扫雷兵,国庆,坚守,雷场
扬我军威,美国,买,飞机,次,买,架,记得,架
央视新闻,国庆,周年,航拍,阅兵
亮剑精神,核战,爆发,美国,扇,吨,落,彻底
百战刀,伊朗,突然,调转,枪口,重型,火箭,轮番,袭击,美方,撤离
中国舆论场,专家,美国,极,担心,伊朗,掌握,卫星,发射,技术
军武次位面,北约,俄罗斯,苏57,重刑犯,俄,网友,怒,阴险
环球时报热点,苏贞昌,失言,公开,批,蔡英文,领导,抵赖,国民党,狠讽
排头军事,韩国,改,软弱,谈判桌,始终,美方,代表,匆匆
环球时报视频,反,华,政客,耳光,美,联邦,退休金,坚持,投资,美,民众,选择
环球时报热点,美媒,新型,潜艇,水准,直,追,美国,快速,缩小,美军,技术,差距
看看新闻Knews,首次,俄,南非,首次,海上,联合,军演,举行
央视网威虎堂,俄,首次,美,展示,先锋,高超,音速,导弹,弹头,倍,音速,飞行
一号哨所,利比亚,击落,架,意大利,MQ-9,美国人,翼龙,形成,鲜明
霹雳火军事,危险,信号,莫迪,马六甲,发射,导弹,警告,勿,插手
紫龙防务观察,放出,危险,信号,年内,造,艘,核航母,架,绝非,耸人听闻
新华网客户端军事,暴恐,逃窜,山区,特战,队员,破门,投弹,全歼
青蜂侠,国防部,回应,解放军,驻,港,部队,清路,违反,驻军法,原则
央视网快看,东部,战区,回应,美舰,穿航,台湾,海峡,军队,掌握
小央视频,揭秘,东风-41,绝活,敌方,远
环球时报国内,陈其迈,抹黑,韩国,瑜,民进党,位,遭殃,揭,苏贞昌
强武堂,英国,公开,难以置信,证据,参与,美国,F35,制造
东方卫视-看东方,韩,美,年度,空军,联演,警戒,王牌,取消
全球尖端武器,国产,航母,母港,选,专家,选址,讲究,区域,入选
环球时报视频,台湾,选举,倒计时,韩国,瑜称,确定,副手,宋楚瑜,亲自,出征
亮剑军武,枚,伊朗,导弹,齐射,雇佣,兵,遭,团灭,美称,前所未有
狙鹰观天下,辽宁号,航母,远航,训练,画面,歼15,飞鲨,战机,升空,护航,场面,非常,震撼
环球时报国内,蔡英文,造势,民众,提前,场面,非常,难看,港媒,死气沉沉
扬我军威,盘点,代,战机,F-35,苏57,代表,技术,水平,发展,潮流
黑龙江电视台《新华视点》,军工,亮相,泰国,国际,防务展
全球尖端武器,双雄,美,俄,核潜艇,针锋相对,全球
燃军事,探访,航母,舰载机,飞行,训练,飞行,模拟器,超,真实,国产,教练机,罕见,曝光
军武次位面,纸老虎,美国,架,军机,入侵,领空,仅,秒,击落
燃新闻,韩,美,宣扬,举行,联合,空演,遭,痛批,激化,半岛,形势
军武次位面,外形,怪异,军工,企业,憋,搞出,奇特,战机
新闻空间站,叙利亚,政府军,土耳其,军队,叙,北部,交火
中国台湾网,美国,巡洋舰,穿航,台湾,海峡,挑衅,伎俩,早已
扬我军威,歼-16,战机,研制,成功,空军,整体,实力,提升
扬我军威,卡52,武装,直升机,研制,出,世便,简直
军事报道,空军,宣传片,爱,祖国,蓝天,发布,美,网友
BTV新闻,空军,年,显现,开放
环球时报国内,美媒,市场,美,贸易,战下,外资,加码,涌入
军迷圈视频,喜,获,强国,镇定剂,架,抵达,印度
军武次位面,阅兵,非洲,卢旺达,阅兵,全程,口令,彻底,接受,队列
东方卫视-东方午新闻,武装,首次,出口,欧洲
安徽卫视-超级新闻场,阅兵,领导,办公室,介绍,阅兵,活动,安排
东方卫视-东方午新闻,国庆,周年,阅兵,方,梯,队,亮相,国庆,阅兵
铁拳大卫君,防,空袭,美国,军工厂,顶上,建,虚假,战后,年,发现
真超级军事迷,美军,利用,航母,开战,艘,沉没,专家,早已,考虑
大国将令视频,美国,认为,印度,发达国家
环球时报热点,美,航母,南海,航行,周围,出现,疑似,军舰,国防部,回应
思远军事,原子弹,威力,近,倍,全球,仅,生产,枚,美国,忌惮
中国军视网,俄罗斯,测试,首,模块化,机动,机场,扩大,海军,航空兵,范围
3号球员,重建,航母,战斗群,美国,制止,反而,暗中,帮忙
第一军情,美国,想,亚太,部署,国防部,警告,绝不,听之任之
环球时报视频,美,官员,刚,说,完,武器,坏,消息,许多,领域,美国
第一龙军,美军,展开,报复,行动,凌晨,出动,战机,空袭,塔利班,近,百,丧生
长江新闻号,艘,美,舰刚,闯完,南海,项,特殊,行动,关键,时刻,东盟,国家,站,出来
中国军视网,俄,机器人,航天员,太空,进行,复杂,操作,开启,新,页
上海电视台新闻综合频道,空军,发布,励志,宣传片,青春,表白,祖国
环球时报国内,蔡英文,民众,血汗钱,拉票,台媒,蔡,需求,唤,回,民心
小央视频,前方,高能,棕熊,袭击,营区,珍贵,画面,难得一见
云上的空母,沙特,石油,设施,遭,偷袭,暴露,美式,防御,弱点,迷信,空军
小林侃世界,印度,失算,国产,战机,原装,进口,贵,倍,印度,工厂,倒闭
BTV首都晚间报道,土耳其,失去,继续,动武,理由,叙,北部,实现,停火
胜腾鉴,次,空袭,伊朗,海外,基地,没,敢,惹,美,俄,集体,睁一眼闭一眼
安徽广播电视台,妻子,术后,参加,检阅,丈夫,承担,阅兵
浙江广播电视台,首,艘,攻击舰,进入,新时代
环球时报热点,美国,硫磺岛,攻击舰,火烧,未,载,弹药,逃过
军事贴图,国,城市,年,未,遭遇,战争,美国,敢,招惹
江苏电视台网罗天下,超,硬核,受阅,官兵,唱响,祖国
环球时报热点,俄,媒,军队,成,俄罗斯,军演,外军,力量,远,超,受邀,外军
上海电视台新闻综合频道,火箭军,发布,宣传片,导弹,亮相
小央视频,美军,航母,高速,玩,漂移,场面,壮观
看看新闻Knews,欢迎,参观,先锋,导弹,俄,美,秀,姿态,秀,肌肉
虹摄库尔斯克,E船坞,登陆舰,出口,泰国,签署,合约,获,战舰,航母,变
3号球员,军事,专家,美,开绿灯,双方,皆,互相,利用
南方都市报,珠海,组,卫星,成功,发射,实现,颗,卫星,入轨
军武次位面,歼20,绰号,火牙,歼10,绰号,恶棍,美国,武器,取,奇怪,绰号
霹雳火军事,战舰,火速,启程,伊朗,终于,迎来,强,外援,总统,警告
环球火力,美国,支援,共计,美元,导弹,韩国,彻底,心凉寻,家
霹雳火军事,美,俄,强国,土耳其,提前,通知,局座,预言,验证
春秋讲武堂,陷入,孤立,俄,公开,支持,印度,送,先进,武器
上海电视台新闻综合频道,国家,转购,俄,制,武器,美国,急眼
诸葛兵,干,漂亮,美,公布,全球,军工,企业,百,强,榜单,终于
江苏卫视-新闻眼,长空,雄鹰,国,奋飞,空军,发布,轰-6K,战机,影像,志,首次,公布,国际,空域,排除,外机,干扰,影音
解放军新闻传播中心融媒体,进,退,忍,美国,总统,战争,算盘
楠竹一,发射场,传来,声,巨响,底牌,隐瞒,美国,幸灾乐祸
虾兵械将,国家,欠薪,飞行员,驾驶,架,王牌,轰炸机,叛逃
大国天下,船舶,迎,泰国,订购,船坞,登陆舰,航母,倍
畅谈天地,科学家,模拟,美,俄,核
铁鉴腾,印度,盯上,基地,开战,代价,破坏,美,俄,呼吁,克制
央广军事,国庆,周年,阅兵,亮点,披露,项,首次,令人瞩目
中国军视网,俄罗斯,战略,演习,圆满,结束
解放军新闻传播中心融媒体,俄,举行,联合,军演,意义,非比寻常,美,渐行渐远
春秋讲武堂,噩耗,传来,航天,发射,燃起,国际站,运输
环球时报视频,台湾,美国,武器,没,意义,美,专家,台湾,紧要,关头
长江新闻号,天,前,特朗普,终于,吐出,消息,舆论,立即,炸锅,专家,表态,值得,深思
7号观察室,印度,展示,代,机进,气口,设计,抛弃,美国,技术,歼20,学习
看看新闻Knews,派舰,穿,台湾,海峡,美国,频,搞
北京电视台-晚间新闻,韩,磋商,陷入,僵局,韩,未,续签,军事,情报,保护,协定,达成
军事报道,聚焦,实战化,演兵场,陆军,特战,旅,严寒,天气,伞降
解放军新闻传播中心融媒体,俄,新,核潜艇,导弹,试射,成功,水下,核,威慑,提高
BTV首都晚间报道,严重,北约,防务,弱化,美国,军事
燃军事,美军机,坠毁,死,事故,现场,曝光,机腹,擦出,条,近,百,米,划痕
小央视频,美,侦察机,现身,东海,想,偷窥
山东卫视-早安山东,俄,国防部,称,美军,车队,遭,叙,反对派,袭击
第一龙军,终于,醒悟,泽连斯基,决定,莫斯科,美,立马,宣布,恢复,乌,援助
军事贴图,俄,申请,查看,黄金,美,悍然,拒绝,专家,直言,挪用
湖北电视台新闻360,徒步,方队,国庆,阅兵,重头戏,提前
小央视频,美国,动画,模拟,美,俄,爆核,死伤,近,亿
安徽卫视-超级新闻场,北京,走,进,阅兵,训练场,方队,数量,创,新高,编组,亮点,频现
燃新闻,现场,解放军,攻击舰,台上,狂言,遭,怒嘲
BTV晚间新闻报道,金正恩,发射,令,满意,验证
楠竹一,应对,印度,抛出,疯狂,计划,鄙视
军事报道,参加,演习,首批,部队,抵,俄
铁血观世界,美国,退出,条约,试射,导弹,引来,杀身祸,俄,扬言,报复
兵说,美,步步紧逼,伊朗,发出,通牒,欧洲,国家,愿,事,发生
 环球时报军事,普京,怒批,美国,破坏,国际,安全,体系,局势,升级,报复
BTV北京您早栏目,天眼,首次,探测,宇宙,深处,神秘,射电,信号
一号哨所,直接,关闭,印度,窗口,全天候,盟友,支持
全球尖端武器,航母,登场,吨位,令,百思不得其解,网友,期待,久
大国防务,更,美军,美国,总统,时刻,翻脸,彻底,激怒,老
中国军视网,韩国,退出,军情,协定,情报,急
环球时报视频,蔡,恶炒,空袭,福建,计划,拉,选情,学者,猛批,险恶
第一龙军,泽连斯基,称,放弃,克里米亚,俄,高官,提出,解决,方案
大国将令,美,战机,敢,进入,俄,领空,俄,空军,条,成文,规定
中国军视网,X-37,B空天,飞机,时间,纪录,美国,加速,天军,建设
WT字幕组,韩,国防,长官,首尔,互相,谴责,敌对感
军武次位面,支,解放军,导弹,部队,驻扎,海外,手,握,杀器,次,拯救,国家
BTV北京您早,土耳其,总统,称,重启,叙利亚,安全区,计划
绝对军视,土耳其,持久,停火,俄罗斯,态度,强硬,称,确保,叙利亚,领土,完整
迷彩熊,俄罗斯,秀,肌肉,图,飞临,波罗的海,空军,战机,升空,警戒
黑龙江电视台《新华视点》,救治,驻,伊拉克,意大利,士兵,遭,炸弹,袭击
北京电视台-晚间新闻,美,韩,安全,问题,主,关系,韩国,反抗,美方,压榨
北京电视台-晚间新闻,美国,逼,北约,提高,军费,意在,赚钱,俄罗斯,施压
大国将令,辽宁舰,飞行,甲板,厚
新华网客户端军事,海军,姐出镜,科普,神州,舰,王牌,战舰,魔改
央视网威虎堂,火箭,军雨天,亮剑,东风,洲际,导弹,破井而出,项,纪录,直接
东方卫视-东方新闻,韩国,批,耍,花招,提前,披露,军情,协定,磋商,结果
山东卫视-早安山东,俄,称,美,叙利亚,石油,合作
洞悉天下,飞行员,跳伞,逃生,吨,战机,掉进,学校,害死,师生
虹摄库尔斯克,叙,关键,城市,迎来,停火,准备,美国,突然,发动,狂轰乱炸
思远军事,彻底,摊牌,安倍,野心,彻底,暴露,目标
老参谋,速度,措手不及,迈出,危险,步,美,骗
云上的空母,攻击,点,真,伊拉克,美,电子,战机,火速,增援,沙特,报复,提供,帮助
新闻空间站,证实,架,黎巴嫩,境内,坠毁
新防务观察,专家,前往,俄罗斯,忙碌,月,库兹涅佐夫,重获,新生
胜腾鉴,准备,总理,直言,动用,核武器,印度,收场
生活之俱乐部,捐,元,国产,航母,添,艘,专家,钱,事
鼎盛军事,美国,封存,战舰,关键,时刻,组建,支,舰队,做法,太,浪费
福建电视台海峡新干线,解放军,南部,战区,新闻,发言人,美,舰,擅闯,西沙,群岛,领海,发表,谈话
亮剑军武,航母,行走,做到,国外,网友,天才
东南卫视,深度,美,出台,新,制裁,强化,极限,施压,伊朗,应对
福建电视台-海峡午报,特朗普,取消,原定,总统,塔利班,秘密
中国军视网,美,俄,激烈,美,盟友,俄罗斯,搞,海上,联合,演习
亮剑精神,喜欢,交通,工具,俄罗斯,宝贝,改装,成,武器
123军情观察室,暗流,涌动,航母,杀手,突然,现身,美国,核潜艇
解放军新闻传播中心融媒体,目标,钓鱼岛,首次,专门,增设,特别,警队
精兵堂,美军,数百,战机,挂弹,战争,爆发,普京,做出,表态
新闻空间站,沙特,公布,伊朗,涉,石油,设施,遭袭,事,证据
霹雳火军事,美,失去,开战,时机,伊朗,损失,俄,计划,彻底,破灭
龙起军事,印,印军,完成,蜕变,盟友,插手,开战,雪,前耻
直播港澳台,海军,建设,决定,优先,发展,潜艇,部队
霹雳火军事,枚,导弹,夜色,发起,突袭,俄军,导弹,立即,启动,开始,报复
中新视频,国防部,走向,伟大,复兴,台湾,缺席
小初看军事,新兵,误射,炮弹,击中,德军,弹药库,改变,历史
四川电视台,首次,亮相,新型,武器,高
BTV北京您早栏目,土耳其,国防部,俄,制,S-400,批,设备,交付,完成
上海电视台新闻综合频道,焦点,解码,国庆,周年,阅兵
燃军事,现场,俄罗斯,海军,海实弹,发射,演练,反舰,巡航,导弹,成功,击中,靶标
君大侠,遗迹,挖,米,深,挖,生锈,弹药箱,机枪,弹鼓
铁血观世界,国产,航母,超长,时间,海试,网友,猜测,国庆节,直接,移交,付,海军
虾兵械将,出兵,帮助,叙利亚,俄罗斯,军事,压力,减轻,国际
龙炎神兵,狙击手,撤退,时,绝对,丢下,保命,武器,物件
燃军事,现场,重型,合成,旅,抵,俄,参加,军演,战车,排,长龙,搭,火车,入境
小林侃世界,执行,完,军人,度,射击,专家,轻易,尝试
北京电视台-晚间新闻,美,俄,顶尖,战机,逐鹿,战场,美,俄,隐身,战机,迎来,实战
大国天下,究竟,魔力,F-35,刚,坠海,美军,F-35B,撞鸟
绝对军视,战争,贩子,公开,辞退,美国,立场,出现,明显,转变,宣布,撤走,萨德,导弹
真超级军事迷,普京,兑现,承诺,翻倍,反击,艘,核潜艇,现身,敏感,区域
环球时报评论,称,伊朗,核,设施,彻底,抹除,扎里夫,想要,战争
中国舆论场,防空,系统,远,超,美,爱国者,俄,S-300
世界武器分析,试射,弹道,武器,携带,核弹头
军武次位面,开,枪,击毙,韩裔,学生,屠杀,美国,校园
新防务观察,航母,计算机,硬件,偷,电子,设备,测试,失败,服役,时间,延迟
WT字幕组,沙特,石油,设施,遭,攻击,现场,引发,浓烟,滚滚
小央视频,美军,伊拉克,倾泻,近,吨,炸弹,画面,曝光,场面,堪比
小罗说战,伊朗,军队,战机,战舰,集结,美军
洞悉天下,耗时,印度,项,世界纪录,美,俄
长江新闻号,美国,警告,埃尔多安,普京,公开秀,亲密,谈笔,生意
军之家,苏联,飞行员,斤,酒,肚,醉醺醺,击落,架,敌机,反成,战斗,英雄
BTV晚间新闻报道,美,韩,军事,领域,纷争,加剧
,甜,兵,哥哥,受阅,阅兵,徽章,求婚
环球时报视频,港媒,关注,解放军,频繁,军演,专家,试图,干预,国家,发,警告
诸葛小彻,特朗普,露出,獠牙,关键,盟友,出兵,伊朗,真的,倒霉
环球时报热点,印媒,天王星,进入,印度,专属,侦查,印度,海军,基地
鹰眼防务解读,天,叙,东部,城镇,遭,次,空袭,盯上
洞悉天下,战机,飞行员,开,客机,表演,盲降,结果,炫技,失败,殒命
长江新闻号,特朗普,发,红牌,警告,回,美国,敢,敢,伊朗,专家,直接,断言,答案
第一龙军,伊朗,油轮,改,终于,抵达,叙利亚,港口,卸下,桶,石油
铁拳大卫君,美,英,接连,出卖,沦为,西方,牺牲品,撑腰
胜腾鉴,伊朗,驻,叙,基地,炸,空袭者,俄军,苏57,隐身,战机
全球武器知识,彻底,闹翻,德方,拒交,保护费,美,发出,通知,北约
第一军视,太原,卫星,发射,成功,发射,资源,卫星
楠竹一,普京,措手不及,美军,突然,出手,英,次,胜利
环球时报国内,港独,勾连,台独,终究,死路一条,祸国殃民,注定
央广军事,雪域,高原,兵种,协同,实兵,实弹,演练
霹雳火军事,局势,变天,伊朗,铁哥们,扬言,开战,美,盟友,闯
东南卫视,俄罗斯,战机,劫持,外国,间谍,出没,场面,堪比,谍战,电影
北京电视台-晚间新闻,加强,国际,影响力,印度,加大,军事,投入
新闻空间站,联黎,部队,司令,呼吁,黎,双方,保持,克制
亮剑精神,伊拉克,战争,俄罗斯,救,伊拉克,原因,现实
四川电视台,擎旗手,引领,方向
新京报,国庆,阅兵,听,出生,受阅兵,哥哥,前
环球时报国内,特朗普,表示,希望,达成,协议,次,期待,耿爽,回应
上海电视台新闻综合频道,叙媒,架,搭载,炸弹,击落
绝对军视,美军,制定,计划,参谋长,称,俄军,投入,战斗,决不
环球时报视频,美,伊,局势,关键,时刻,G7,表态,特朗普,遭,全面,倒戈
上海电视台新闻综合频道,俄罗斯,叙利亚,增派,军事,警察
长江新闻号,消息,沙特,石油,设施,遇袭,添,重量级,线索,联合国,行动
全球尖端武器,刚刚,航母,排水量,根本,想,美,直呼
大国将令,苏联,空天,战列舰,轰炸机,强悍,全身,插满,机炮
小央视频,驻,美军,年,惹事,专家,继续,惹祸,忍
新闻360,倒计时,国庆,阅兵,观看,指南,近,次,阅兵,规模,次
真超级军事迷,联手,伊朗,国,白宫,发出,挑战,美国,跌落,神坛
绝对军视,美国,警告,国,采购,S400,导弹,俄罗斯,成,赢家
君大侠,探索,遗迹,收获,稀奇古怪,东西,认识
霹雳火军事,关键,时刻,盟友,突然,反水,印度,放出,狠,话
燃新闻,解放军,官兵,秒,架,座,跨江,宛如,特效
中国军视网,海军,批,护航,编队,访问,马来西亚
全球尖端武器,航母,进入,厂房,进入,关键,时刻,专家,露面,时,建成
军之家,美国,海军,基地,炸锅,战舰,集体,出逃,航母,跑,快
央视网威虎堂,歼20,具备,超音速,巡航,空军,专家,段,潜台词,揭开,真相
央视新闻,海警,请,立即,停船,接受,检查
看看新闻Knews,美国,党,发声,撤军,叙利亚,灾难
扬我军威,俄,巡洋舰,完成,改造,反舰弹,速度,达,马赫,真的,唯快,破
解放军新闻传播中心融媒体,紧急,江苏,高架桥,侧翻,武警,官兵,火速,驰援
环球时报视频,美,军舰,南海,挑衅,解放军,撂下,重话,美国人,听懂,没有
小央视频,特朗普,库尔德,捅刀,点,钱,油田
解放军新闻传播中心融媒体,杜文龙,美,高官,接连,访,韩,营造,紧张,气氛,迫使,韩国,结盟
环球时报国内,决战,关键,时刻,韩国,瑜,团队,加入,周,锡玮,担任,重要,角色
上海电视台新闻综合频道,叙利亚,越境,土军,发起,泉,军事,行动
环球时报热点,美,财政部,新,数据,减持,美债,美国,债权国
通天下,战鹰,展翅,庆祝,空军,成立,周年
小央视频,揭秘,火箭军,巡航,导弹,前盖,开,雷霆
长江新闻号,美,海岸,警卫队,闯,黄海,想,兴风作浪,万,吨,海警,船,出击,粉碎,美,图谋
青蜂侠,帅,天团,抢先,仪仗,方队,受阅,参阅,历史
央视网威虎堂,歼-20,神秘,设备,首次,睁眼,静默,探测,先敌,发行,目标
军武次位面,航空母舰,突然,流行,韩国,拼命,建造
江苏电视台新闻360,土耳其,总统,俄,协议,失败,土方,亲自,动手,铲除,库尔德,武装
第一军视,军视,课堂,国庆,特别,节目,阅兵,武器
环球时报热点,特朗普,出席,俄罗斯,阅兵,普京,竞选,忙,访,俄
第一军情,美国,帮,普京,美,前,副总统,白宫,外交,政策,失败
央视网新闻,战,走,留,叙利亚,局势
新华社新闻,陆航,突击,梯队,直-20,直升机,列装,部队,首次,亮相
真超级军事迷,飞行员,吨,氢弹,扔下,飞机,美国,活,核弹,阴影
BTV北京您早栏目,快评,土耳其,出兵,伊朗,军演,泉
山东电视台,武警,部队,方队,山东,籍,队员
解放军新闻传播中心融媒体,东盟,反恐,联演
环球时报热点,炮击,美军,战机,紧随,逼近,侦察,半岛,紧张,局势,陡然,升温
新防务观察,美军,航母,出,事故,预警机,舰,失败,砸中,架,战机,现场
军事报道,国庆,阅兵,首次,设置,领导,指挥,方队
央视军事,造船,巨头,合并,全球,造船,集团,成立
北京电视台-晚间新闻,土耳其,确认,俄,制,S-400,防空,系统,买,土,国防,工业局,局长,花,重金,购买,逻辑
小央视频,艘,航母,通过,台湾,海峡,歼-15
小央视频,罕见,画面,红箭,狙击,低空,直升机,猎杀,坦克
东方卫视-看东方,空袭,处,武装,组织,高官,住所
小央视频,核爆,恐怖,揭秘,俄军,秘密,研究所,特殊,装置,模拟,核
一号哨所,新,报告,显示,稀土,出口量,降,反,增,美国,更加,焦虑
环球时报国际,库尔德,扔,石头,次,俄军,装甲车
央视网威虎堂,俄,新,战略,核潜艇,首次,试射,布拉瓦,导弹,场面,震撼
央视财经,蓝遇,国庆红,徒步,方队,唯一,战斗,维和,部队,方队
环球时报热点,究竟,说谎,韩,吵,翻天,国,口水仗
环球时报评论,印,关系,军,交流,合作,项目,国防部,答案
环球时报国内,联合国,权威,报告,美,消费者,成,加税,受害者,没有,带来
中国军视网,军视网,震撼,入驻,微视,关注
中国军视网,杜文龙,毁,美国,淡定,导弹,试射
铁狼讯,俄,机,升级,发动机,开,加力,情况,超音速,飞行
央视网威虎堂,歼-20,战机,首次,机,框,亮相,空军,宣传片,抢眼
娱乐你快乐,普通,士兵,精神,食粮,特种兵,坚决,碰,否则,牺牲
燃军事,理会,美方,销毁,土耳其,F-16,测试,S-400,性能,现场,画面,曝光
环球时报视频,海军,战舰,抵达,南非,俄,南非,首次,海上,军事,联演,意义,重大
排头军事,爆发,全面,战争,北约,击败,俄军,兰德,称
东方卫视-东方午新闻,火箭军,官微,发布,宣传片,导弹,亮相
军事贴图,美国,盟国,争斗,未来,成谜,伊朗,成,赢家
央视网新闻,国家,阅兵,戳,视频
大国飞鹰,美国,宣布,撤回,罗马尼亚,部署,萨德,俄,消息
环球时报国内,李佳芬,代夫出征,国,黄,澎孝,韩国,瑜,团队,扮演,重要,角色
央视新闻,阅兵,训练场,武警,部队,方队,毫厘不差,走实,步
东方卫视-看东方,空袭,叙利亚
环球时报热点,美国,动手,美国,制裁,土耳其,特朗普,告诉,埃尔多安
小央视频,超大型,火箭炮,首次,美国
新华网客户端军事,战斗机,引擎,威力,尾,喷口,甩,吹,翻,滚,圈
绝对军视,印度,发动,进攻,核导弹,运往,遭,核,攻击,报复
环球时报视频,印度,军方,频繁,印,实控线,附近,搞,军演,挑衅,暴露,印方,短视
央广军事,深处,官兵,唱响,祖国,祖国,献礼
参考视频,谢谢,海军,网友,突然
中新视频,阅兵,开始,前,国旗,仪仗队,进行,升旗,仪式,彩排
霹雳火军事,萨达姆,唯一,孙子,长大成人,喊话,特朗普,必须,做出,选择
BTV北京您早栏目,库尔德,武装,叙利亚,北部,撤离,俄罗斯,部署,更,军警
上海电视台新闻综合频道,驻,叙,美军,撤离,库尔德,扔,土豆表
福建电视台-海峡午报,俄罗斯,叙利亚,增派,军事,警察,抵达,叙利亚
霹雳火军事,军列,隐藏,美军,精锐,直接,逼近,家门口,俄,战时,首先,摧毁
军事报道,军运会,开幕,探访,军运村
全球尖端武器,空警,传首,飞,消息,新一代,电弹,航母,美,专家,肩E
北京电视台-晚间新闻,欧洲,暂停,土,武器,出口
解放军新闻传播中心融媒体,美,俄,竞争,国,武器,装备,发展
环球时报视频,台湾,断交国,亲台派,政府,仅,差,席
梨视频,王哲林,军运会,男篮,赢,美国
环球时报视频,星辰,远望号,火箭,运输船,编队,天津,出发
第一军情,普京,突然,俄罗斯,挖,美国,墙脚
BTV首都晚间报道,美国,海岸,警卫队,美,海军,兴风作浪
环球时报国内,外交部,回应,家,实体,美国,列入,清单,反击
上海电视台新闻综合频道,土耳其,称,控制,叙,北部,重要,战略,公路
真超级军事迷,应对,歼20,印度,想出,办法,先行,步
小林侃世界,驱逐舰,建造,加快,建造,相当,缓慢
央视网新闻,包围,突围,俄,押宝,新,武器
扬我军威,苏-35,歼-20,性能,超音速,完胜
环球时报国内,美国,议员,准备,触碰,红线,插手,台湾,事务,岛内,舆论
参考防务,架,伊尔-76,空降,伞兵,俄,军演,场面,堪比,战争,电影
 环球时报军事,俄,伊朗,展开,军演,耿爽,国家,军队,保持,合作
上海电视台新闻综合频道,叙利亚,俄军,直升机,开始,北部,巡逻
上海电视台新闻综合频道,官方,公布,视频,首艘,国产,航母,通过,台湾,海峡
环球时报热点,唯快,破,美军,直升机,SB-1,首,飞,黑鹰
国防时报排头兵,俄,款,隐身,战机,测试,协同,美国,世界,领先,反超
央视网威虎堂,国内,首款,电传,飞控,直升机,飞行员,透露,直-20,亮点
解放军新闻传播中心融媒体,直升机,相继,升空,突击,步兵,蓄势待发
扬我军威,首,架,阵风,交付,架,美元,印度,表示,买
央视网威虎堂,年,磨,剑,国产,单兵,智能,装备,终于,成型,细节,首次,曝光
新闻空间站,美防长,叙利亚,东北部,撤出,美军,部署,伊拉克
安徽卫视-超级新闻场,天津,直博会,陆军,风雷,飞行,表演队,特技,飞行
第一军视,特朗普,密信,曝光,悬案
新华网客户端军事,实拍,战机,心神,公开,亮相,矢量,尾,喷管,展示
燃新闻,美,准备,开展,军事,行动,关键,时刻,挺身而出,坚定,发声
东方卫视-东方午新闻,土耳其,叙,北部,库武,发动,军事
故事里的中国,表演,完成,重要,抗美援朝,战士,继续,镇守,核试验,基地
迷彩文化,重型,整齐,排列,东北,支,部队,投送,惊艳
扬我军威,水泥,弹成,战场,奢侈品,高空,投掷,爆炸,彰显,精神
水镜晓先生,安倍,迈出,危险,步,扩军,计划,全面,提上,特朗普,欺骗
大国防务,美国,狠,手,突然,伊朗,沉重,击,部位
大国将令视频,印度,军队,航母,瑜伽,难道,瑜伽,新型,武器
央视网威虎堂,秒,回顾,阅兵式,亮相,东风,快递,基石
环球时报热点,神话,应,客观,长处,短处
BTV首都晚间报道,俄罗斯,俄,土,互信,进一步,强化
环球时报热点,韩国,瑜,蔡英文,战书,全面,开战,争取,更,支持
小央视频,海上,敢死队,款,秘密,武器,水雷,遁形
小央视频,美军,F-22,叙利亚,实战,出糗,隐身,涂层,晒,爆皮
全球尖端武器,航母,试航,搭载,架,舰载机,外媒,拦
环球时报国内,台湾,民众,盼望,统一,常年,高,挂,台,民众,统一,时间,问题
环球时报国内,蔡英文,引发,关注,赴,英国,留学,获得,博士,学位,常,误解
东方卫视-东方新闻,天津,直博会,直8G,运输,直升机,首次,公开,亮相
铁血观世界,盟友,背叛,美国,伊朗,石油,出口,渠道,美国,年,制裁,成,徒劳
创思百科,印,关系,战争,印度,传来,噩耗,航空,公司,接连,倒闭
东方卫视-东方新闻,叙利亚,越境,土军,发起,泉,军事,行动
山东电视台,首次,海军,舰艇,抵日,参加,海上,阅舰式
环球时报国内,接连,警告,美方,勿,南海,挑衅,外媒,亚洲,没有,国家,响应,美军
环球时报国内,韩国,瑜,民调,传出,喜讯,网友,回响,热烈,纷纷,支招,蔡英文
燃军事,现场,美,军,夏威夷,举行,联合,演练,国防部,透漏,训练,具体
青蜂侠,幕后,揭秘,队列,士兵,训练,辛苦,没事,屋里,偷,练
上海电视台新闻综合频道,焦点,定,首访
燃军事,埃尔多安,美国,兑现,承诺,土耳其,继续,入侵,叙利亚
新华网客户端军事,空军,曝光,歼20,飞,画面,岁,萌娃,先进,战机
解放军新闻传播中心融媒体,揭秘,陆上,模块,毫米,车载,加榴炮,全新,升级,换代
中新视频,国庆,工作,摆,椅子,供,受阅,部队,休息
军武次位面,总,设计师,危险,亲自,飞行,成功,解决,战机,设计,缺陷
央视网威虎堂,海军,蛟龙,突击队,现身,沙特,持,美式,步枪,卧姿,射击,现场,画面,曝光
大国防务,俄罗斯,果断,开火,摧毁,枚,火箭弹,架,基地,幸免于难
山东卫视-早安山东,土耳其,国防部,称,库武
解放军新闻传播中心融媒体,军情,燃力榜,俄军,直升机,降落,叙,北部,废弃,美军,基地
环球时报国内,台,官员,台独,旗,合影,遭,现场,怒呛,郁慕明,早,警告,台湾,灾难
北京电视台-晚间新闻,空军,成立,周年,航空,开放,活动,长春,举行
解放军新闻传播中心融媒体,揭秘,俄,土,签署,谅解,备忘录,前后
新华社新闻,震撼,空警,歼-16
解放军新闻传播中心融媒体,强军,加速度,军队,全面,发展,阔步,前行
长江新闻号,终于,特朗普,放,火烧,头,俄罗斯,捡,便宜
霹雳火军事,美军,惶恐不安,款,灭国,神器,终于,服役,警告
北京电视台-晚间新闻,美,警告,埃及,买,俄,战机,面临,制裁
解放军新闻传播中心融媒体,美,俄,转向,领域,宋心,非常
小央视频,印尼,阅兵,现,尴尬,幕,直升机,低,飞炫,技掀,翻观,礼台
新华网客户端军事,飞豹,战机,低空,突防,发射,火箭弹,坦克,瞬间,击毁
环球时报视频,美国,鹰派,撺掇,台签,外交,公报,台媒,警告,恐,战火,烧,台海
看看新闻Knews,国庆,周年,歼20,受阅,舞,长空,格斗,性能,出众
央视网新闻,特朗普,证实,子,击毙
君大侠,狙击,步枪,手枪,靶场,战术,射击,测试,枪法,挺,准
爱军,飞行员,允许,伤疤,受,伤,飞行员,继续,飞
青蜂侠,东风,快递,必达,东风,常规,导弹,首秀,阅兵场
人民网,女兵,组成,女兵,方队
中国台湾网,艘,航母,近期,服役,国防部,回应
央视网威虎堂,牛,察打,直升机,试射,新,武器,公里,外,目标,入魂
 环球时报军事,俄,军队,伊朗,举行,演习,国防部,军队,始终,保持,合作
解放军新闻传播中心融媒体,方队,暖心,幕,兵娃,空降,阅兵,餐厅
央视新闻,年前,航母,style,火遍,全国,艘,航母,奔,深蓝
第一军情,先生,怒批,民进党,害,世代人,认同
中国军视网,军事,制高点,解读,岛,齐,发力,觊觎之心,死
东方卫视-东方新闻,沙特,质疑,胡塞,武装,揽责,指责,伊朗,军队,涉案
霹雳火军事,印度,倒向,俄罗斯,抛出,美,局势,失控
扬我军威,美国,越南,赠送,航母,金兰湾,成,亚太,战略,基地,越南,成,美国,亚太,盟友
大国鉴,破釜沉舟,警告,战败,印度,发射,核弹
解放军新闻传播中心融媒体,探秘,直－20,直升机,性能,强大,体现
军武次位面,花费,美元,进口,野牛,登陆,船,横渡,台湾,海峡,需
湖北电视台新闻360,揭秘,国庆,阅兵,参训,穿坏,双,鞋
东方卫视-看东方,美,舰擅,闯,西沙,群岛,领海
君大侠,探索,遗迹,挖到,稀奇古怪,东西,水龙头
鼎盛军事,俄,屡次,挑衅,美,动手,美,司令,坦诚,武器,俄罗斯,世界
大国防务,架,外机,袭来,俄罗斯,枚,导弹,立威,秒,摧毁,目标
长江新闻,越南,强调,搞,军事,允许,外军,设立,基地
大国飞鹰,土耳其,想,造,核武器,土高层,表态,难以,接受,拥有,核武器
真超级军事迷,美国,动武,伊朗,找到,应对,策,先,处,美军,基地
无未东西,美国,举动,激怒,韩国,韩方,做出,决定,收回,座,美军,基地
北京电视台-晚间新闻,泉,叙利亚,带来
长江新闻号,突发,场,重大,袭击,国,牵扯,消息,传来,媒体,沸腾
紫龙防务观察,真正,美军,导弹,部署,确定,欧亚,近
燃军事,震撼,新型,远程,战略,轰炸机,轰6,N,首次,亮相,双人,驾驶舱,画面,曝光
第一军视,西昌,卫星,发射,唱响,爱国,歌曲,成功,祝福,祖国
燃军事,现场,曝光,美,军舰,补给,伊朗,反潜,巡逻机,顶,低空,掠过
UTV兵鉴,叙军,城,叛军,装甲,集群,发动,反攻,俄军,轰炸机,全歼
环球时报视频,接连,断交,国,台媒,狂讽,急,台湾,民众,急
军武榜,美国,遭,火箭弹,袭击,战火,遥遥无期
烽火丹心,洲际,导弹,枚,变,枚,苏联,飞来,值班,避免,核战,爆发
空中世界加特林,美军,胆大,首次,派出,强,F-35A,突袭,刚,发生,坠海,事故
北京电视台-特别关注,莫斯科,航展,首,公众,开放日,参观者
中国军视网,海湾,局势,紧张,英国,部署,伊,俄,演兵,印度洋
啮花熊,土耳其,研发,国产,获得,俄罗斯,援助,印度,馋哭
全球尖端武器,捷报,频传,航母,新,进展,战力
科技多面观,双赢,局面,俄,签订,吨,级,直升机,研发,合同,生产
水镜晓先生,爆发,前夕,特朗普,告知,存,巨大,难题,美,军方,直言羡慕
胜腾鉴,伊朗,关系,堪比,盟友,调停,美,伊,争端
新防务观察,萨德,反,导弹,系统,启动,韩国,陷入,慌乱,秀肌肉
环球时报视频,美国,叙利亚,吵,翻天,美国,白宫,特朗普,佩洛西,骂
军情2019,叙,库尔德,武装,土军,实力,差距,悬殊,前者
绝对军视,美军,枪炮,伊朗,动武,伊朗,发出,全面,战争,警告
中国军视网,俄罗斯,演习,军队,独立,编组
胜腾鉴,关键,时刻,伊朗,研制,出,激光,武器,美军,F-35,隐身,战机
鹰眼防务解读,周,事故,飞行员,死亡,俄军,战斗力,明显
胜腾鉴,伊朗,关系,堪比,盟友,调停,美,伊,争端
解放军新闻传播中心融媒体,现场,海军,舰载,直升机,团,开展,反潜,训练
环球时报热点,美国,祭,萨德,俄,示威,韩媒,急忙,灭火
紫龙防务观察,普京,特种,部队,强势,介入,警告
狙鹰观天下,辽宁号,航母,远航,训练,画面,歼15,飞鲨,战机,升空,护航,场面,非常,震撼
中国军视网,美,欲,西太,部署,遭,拒绝
非常军事说,赞不绝口,款,国产,战机,首次,非卖品
新京报,特战,装备,方队,亮相,国庆,阅兵式,空中,突击,旋翼机,展翅,欲,飞
3号球员,军事,专家,防范,水下,目标,非常,困难,需要,提前,发现,防范
铁血观世界,叙利亚,定,美国,根本,改变,什么,俄,叙,联军,重要,城池
军事报道,女兵,方队,演兵场,走向,阅兵场
小央视频,俄,特种,兵徒手,搏击,结果,出乎意料
霹雳火军事,张召忠,神,预测,国产,航母,服役,时间,近在眼前,条件
环球火力,权,做,美,总统,发布,张,彻底,坐实,罪状
春秋讲武堂,伊朗,石油,遭,封锁,销量,反而,增加,国家,美国,惹不起
央视军事,时隔,海军,舰艇,访
解放军新闻传播中心融媒体,美国,发布,黑海,计划,俄罗斯,舰队,堵,家里
新闻空间站,叙利亚,局势,埃尔多安,宣布,土耳其,叙,展开,军事,行动
浙江广播电视台,遗弹,爆炸,波兰,士兵,死,伤
绝对军视,土耳其,首战告捷,占领,城镇,库尔德,战士,溃逃
环球时报国际,苏格兰,逾,游行,争取,独立,公投
绝对军视,俄罗斯,发出,明确,警告,全球,强,轰炸机,出击,飞,入,俄
直播港澳台,台,命名,军舰,斥,军事,搞
新华社新闻,东风-41,核,导弹,方队,战略,核力量
小央视频,国庆,周年,阅兵,段,视频,揭秘,真相
央视新闻,国庆,阅兵,海军,方队
爱军,叠,豆腐块,印度,花卷,美军
中新视频,女篮,夺,军运会,金牌
大国防务,伊朗,油轮,目的地,曝光,俄罗斯,派,军舰,接应,美国,懊恼,莫及,骗
环球时报要闻,美国,悬赏,伊朗,革命,卫队,捏住,命脉,够,狠
铁鉴腾,天助,伊朗,声,巨响,美,航母,数,架,舰载机,相撞,损失
BTV北京您早栏目,阅兵,背后,预备役,方队,练出磅礴,势
胜腾鉴,印军,克什米尔,突然,开火,双方,士兵,死亡
燃新闻,美,伊,关系,紧张,伊朗,领袖,伊朗,永远,美国,谈判
解放军新闻传播中心融媒体,成功,发射,珠海,组,卫星
老参谋,美国,忠心,国家,警告,主动,邀请,美,导弹,入驻
噗哩君,特朗普,亲自,宣布,伊朗,发起,猛烈,报复,新,轮,反击
BTV特别关注,鲁哈尼,称,美国,麻烦,制造者
虾兵械将,美,战机,听,警告,继续,前行,发射,导弹
畅谈天地,苏联,冷战,拖垮,美国,更,强大,全世界,课
浙江广播电视台,舟山,海军,太原舰,赴,参加,国际,舰队,阅舰式
强国网,美国,想,谈判,伊朗,开出,条件,欧盟,态度,发生,明显,转变,反而,力挺,伊朗
解放军新闻传播中心融媒体,探秘,陆航,部队,运输机,奋飞,高原,特战兵,机动,夺控
真超级军事迷,防空,导弹,击落,直升机,印度,终于,回应,更,担心,枭龙,击落
看看新闻Knews,空军,发布,强军,宣传片,飞行员,喊话,驱离,外机,影音,首次,公布
军武次位面,面对,美,苏,封锁,军工,突破,兄弟,国,更,铁
君大侠,栓动,步枪,射击,环靶,相当
解放军新闻传播中心融媒体,海军,太原舰,访问,结束,启程,回国
解放军新闻传播中心融媒体,空袭,伊朗,军事,设施,专家,逼,伊朗,反击
环球时报热点,韩国,翻译家,相比,韩国,汉江,奇迹,奇迹,更加
军武次位面,礼尚往来,海军,参加,国际,阅舰式,选,太原舰
爱军,国产,新型,镜头,全景,夜视仪,曝光,美军,近似,科幻
大国防务,叛军,头目,齐聚一堂,导弹,突然,炸毁,死亡
强国网,美军,迟迟,敢,伊朗,动手,主要,原因
新防务观察,F15,空袭,叙利亚,全球,防空,系统,失灵,目标,拦截
解放军新闻传播中心融媒体,走,海军,方队,认识,钉子兵,框子,兵,基准,兵
东方卫视-东方新闻,叙利亚,政府军,接管,美军,基地,进驻,处,战略
通天下,叙利亚,局势,美军,全,撤,驻留,叙利亚,油田
小央视频,猎人,伴,飞,苏-57,俄军,强,隐身,战机,联手
四川电视台,火箭,军方队,操控,重器,剑士
亮剑军武,俄,英,法,军事,力量,更,强,排,位,英国,刮目相看
早安江苏,直击,阅兵,训练场,知道,训练,花絮,受阅,官兵,认真
恶搞笑工坊,伊朗,油轮,拦,事情,新,进展,神秘,国家,出手,救援,军迷
第一军视,快,火箭军,战略,导弹,部队,新,装备,特点,全,知道
BTV首都晚间报道,战斗,直升机,长期,驻扎,配合,车队,联合,巡逻
大国鉴,确认,开战,期限,部队,前线,印度,麻烦
霹雳火军事,伊朗,盟友,反击,枪,突然,导弹,发射,升空
第一军情,高价,买,废铁,美,售,台,P3C,反潜机,月,次
北京电视台-晚间新闻,俄罗斯,架,苏-34,战机,空中,碰撞,机身,严重,受损
环球时报视频,美,贸易,磋商,进展,牵动,世界,美,媒,发出,近,周,积极,信息
BTV特别关注,伊朗,革命,卫队,公里,美军,基地,舰艇
长江新闻号,局势,急转,关键,时刻,普京,送,件,礼,轮到,美国
解放军新闻传播中心融媒体,香港,部队,仪仗队,执行,队长,韩,猛,退出,现役,仪仗,指挥刀,交接于
3号球员,军事,专家,韩国,走钢丝,更,考虑,民意
环球时报视频,岁,著名,女,演员,简・方达,美国,国会,门口,参与,非法,集会,逮捕
湖北卫视长江新闻号,开放,天空,条约,美国,退,群
扬我军威,B2,隐身,轰炸机,机身,零件,受潮,坠毁,细节,处,体现,设计,缺陷
军事报道,海军,批,护航,编队,完成,首批,护航
中国军视网,韩,关系,进入,冰点,背后,推手
强武堂,发现,天机,俄,专家,称,找到,方法,立即,摧毁,美国,全部,航母
鹰眼防务解读,俄罗斯,提供,情报,抓,抛弃,乌克兰,叛国者
北京电视台-晚间新闻,俄,亮,出,装备,建设,成绩单,研武器,项目,进展
环球时报视频,外媒,美,贸易战,背景,默克尔,次,访华,推动,德,共,抗,危机
纵深观察,乌克兰,脱靶,导弹,击落,载有,客机,盘点,脱靶,导弹
UTV兵鉴,先,开火,报告,俄罗斯,条,特别,军令,美国,骑虎难下
北京电视台-晚间新闻,土耳其,表示,激活,启用,S-400,导弹,防御,系统
北京电视台-晚间新闻,美国,做,花账,引,韩国
空中世界加特林,艘,航母,辽宁号,区别,首先,讲,字
虹摄库尔斯克,黎巴嫩,突袭,枚,导弹,落地,炸死,假
BTV北京您早,称,发现,真主党,导弹,生产,基地
BTV晚间新闻报道,俄,紧急,出动,核潜艇,试射,导弹
中华神盾舰,俄罗斯,发展,主要,原因
小罗说战,印度,出,洋相,造完,航母,竟,发动机,真是,搞笑
小央视频,解放军,番,操作,夜空,炸裂,出,危险,焰火
解放军新闻传播中心融媒体,专家,带,飞机,见证,飞行员,成长,摇篮,教练机
军视迷,台风,袭击,吹,倒船厂,吊车,差点,砸中海,盾舰
新华网客户端军事,燃,实拍,解放军,战车,海上,火力,全开,重炮,射击,摧毁,敌方,工事
绝对军视,伊朗,友军,迎来,机会,联军,爆发,付出,更,惨重,代价
新华网客户端军事,现场,实拍,印度,先进,武直,战斗,部署,仅,公里
精兵堂,普京,表示,克什米尔,问题,属于,印度,形势,乐观
环球时报国内,国民党,美国,嘴巴,说,空口,承诺,兑现,蔡当局,民众,傻瓜
环球时报视频,愤怒,法国,消防员,抗议,警察,出动,催泪弹,水炮,灭火
军事报道,庆祝,空军,成立,周年,航空,开放,活动,开幕
环球时报国内,台湾,精彩,邱毅,秘密,行动,查出,彻底,摧毁,蔡英文
洞悉天下,俄军,副司令,带头,倒卖,吨,军用,燃油,国家,损失,亿
环球时报国际,美,教练,夺枪,阻止,学生,媒体,公布,现场,画面,指,侵犯,学生,隐私
央视军事,升,国旗,奏,国歌,敬,军礼,兵兵,见证,乒乓,男团,夺冠
全球尖端武器,孙权,杀陆逊,功高盖主,隐情,原因,造成
环球时报视频,闻名,特朗普,俄,媒,美国,愿,伊朗,开战
环球时报视频,海军,艘,舰船,通过,印度洋,遭,印度,P8,I,反潜,侦察机,全程,追踪
诸葛小彻,关键,盟友,倒戈,彻底,走向,美军,包围
深圳卫视《军情直播间》,印度,花,重金,军购,提升,战力,俄,印,推,新版,军事,技术,合作,计划
央视网威虎堂,运8,反潜机,空警,H齐,出动,布局,曝光,落座,拥挤
福建广播电视台,帅,阅兵,方阵,里,福建
锯子科技,近距离,实拍,美国,隐形,战机,空中,加油,震撼
北京电视台-晚间新闻,叙利亚,局势,土耳其,开始,遣返,外籍,恐怖,回国
解放军新闻传播中心融媒体,平型,关伏,击战,推迟,收到,意外,战果
北京电视台-特别关注,军方,加沙,武装,组织,达成,停火,协议
时差视频,美军,首次,承认,遭遇,UFO,网络,视频,真,现有,技术,达到
 环球时报军事,特朗普,驻,叙,北部,美军,撤出,叙利亚,美防长,公开,原因
解放军新闻传播中心融媒体,玩火者,必,国家,应,推进,海上,合作,营造,良好,氛围
BTV北京您早栏目,叙利亚,北部,发生,汽车,爆炸,死亡
环球时报视频,建设,世界,空军,美军,报告,称,空军,排列,世界
强国网,批,涡扇,交付,美,声称,性能,超越,F-135
长江新闻号,事情,超出,预期,出现,重大,变数,关键,时刻,紧急,发声
君大侠,遗址,探索,挖到,颗,迫击炮弹,轮毂,斧头,收获
中国军网,方队,暖心,幕,兵娃,空降,阅兵,餐厅,排头兵
上海电视台新闻综合频道,土耳其,继续,空袭,叙,库尔德,武装,埃尔多,安称,停止
世界武器分析,艘,俄,舰,发射,导弹,击沉,目标,拉响,战斗,警报,回,遇,硬茬
第一军视,国庆,阅兵,演练,画面,曝光
畅谈天地,先进,飞机,诞生,搭配,航空母舰
新华网客户端军事,奇迹,飞机,空中,飞行,突然,急速,度,翻转,倒挂,电缆,获救
北京电视台-晚间新闻,关注,叙利亚,局势,美军,撤离,叙利亚,北部,库尔德,土豆,送行
央视新闻,翱翔,蓝天,重器
 环球时报军事,美媒,称,俄军,轰炸,叙利亚,医院,俄,国防部,回应,山洞,恐怖,基地
长江新闻号,毫无,征兆,白宫,刚,公布,重量级,消息,特朗普,回,铁,心,玩
青蜂侠,清华,师生,组成,伟大,复兴,方阵,参加,国庆,盛典
新华网客户端军事,现场,图,曝光,美国,艘,海警,船,闯入,黄海,万,吨,海警,船近,监视
燃军事,加拿大,军舰,穿越,台湾,海峡,刻意,高调,渲染,华春莹,提出,质疑,严厉,回击
福建电视台海峡新干线,台媒,美国,军舰,穿越,台湾,海峡
解放军新闻传播中心融媒体,美军,遇袭,俄军,报告,吴大辉,误会
看看新闻Knews,全球,眼,土,叙,激战,升级,叙,进程,蒙,阴影
新华网客户端军事,实拍,俄,抵达,南非,开普敦,万,吨,巡洋舰,港口,鸣,响,礼炮
时差视频,美国,B-17,轰炸机,坠毁,死亡,塔台,通话,音频,曝光
7号观察室,歼31,战机,版,隐身,性能,优于,苏57,俄,网友,争论,科学
紫龙防务观察,特朗普,阴谋,抢,保护费,东亚,盟友,认怂
央广军事,火箭军,新兵,唱响,祖国,祖国,献礼
大国将令,养,航母,烧钱,伙食,消耗,明白,国家,养
新闻空间站,俄罗斯,叙利亚,增派,军事,警察,抵达,叙利亚
全球尖端武器,时,发明,缺德,武器,美军,苦不堪言,腿骨
解放军新闻传播中心融媒体,平型,关主,战场,乔沟,究竟,险要
迷彩文化,国产,航母,通过,台湾,海峡,搭载,歼-15,战机,细节,透露,重要,信息
军武次位面,军火,走私,黑幕,叙,政府军,缴获,恐怖,发,子弹,竟,全,制造
扬我军威,轰-6K,轰炸机,改进,模式,战机,水平,提高
思远军事,必须,满足,条件,否则,绝不,岛屿,美国,担心,事,发生
中国军视网,探秘,国庆,阅兵,背后,延期,退伍,女兵,含泪,完成,次,擦枪
铁鉴腾,印,进入,倒计时,开始,总,清算,印度,计划,招,解决,长期,恩怨
中国军网,开讲,空中,报道,支援,保障,机梯队
环球时报视频,近距离,感受,国庆,阅兵式,DF17,DF41,导弹,方队
绝对军视,美,俄,态度,罕见,北约,强国,研发,核武器,遭,轮番,警告
BTV北京您早栏目,美国,韩国,成倍,增加,防务费
小央视频,天团,互动,互敬,军礼,喊话,应援
第一军情,美国,海外,基地,遇袭,武装,攻入,现场,枪声
,辛苦,特战,队员,炼成
央视网威虎堂,战略,导弹,深夜,出击,挽弓,射胡,直指,苍穹,现场,曝光
环球时报热点,台军,渗透,蔡英文,紧急,撤退,装甲车,重要,零件,竟,失踪,半年
第一军情,美军,特种,昨日,飞越,台海
中国军视网,太原,卫星,发射,成功,发射,资源,卫星
新闻空间站,北约,秘书长,担忧,土耳其,叙,北部,军事,行动,造成,更,苦难
北京电视台-特别关注,土耳其,叙利亚,库尔德,武装,互相,指责,违反,停火,协议
BTV北京您早栏目,土耳其,叙,北部,库武,发动,军事,土耳其,战争,阴影,土叙
BTV北京您早栏目,直,武装,直升机,全新,亮相,陆军,空中,秀,芭蕾
军武次位面,造,航母,死不瞑目,航母,Style七,周年,双,航母,编队,报告
东方卫视-看东方,韩,美,防卫费,谈判
北京电视台-晚间新闻,韩联社,美,军情,协定,韩,施压,美,防长,未,直接,提及
浙江广播电视台,庆祝,新,成立,周年,超燃,混剪,秒,阅兵,装备,部队
东南卫视,国防,装备,全面,进入,时代,值得,期待
中国军视网,快,阅兵,火箭军,战略,导弹,部队,新,装备,特点,全,解析
东方卫视-看东方,土,俄,元首,商讨,叙北,安全区,事宜
长江新闻号,现场,武汉,成为,全球,瞩目,焦点,记者,赞叹,震撼
解放军新闻传播中心融媒体,条约,失效,美,俄,极,易,误判,走火
央广军事,国,代表,质疑,北斗,卫星,导航,系统,杨元喜,院士,霸气,回应
上海电视台新闻综合频道,叙,政府军,北上,库尔德,武装,共同,土军
军备酷评,撤离,美国,莫非,彻底,认输,美军,激动,流泪
北京电视台-晚间新闻,击落,美军,全球鹰,显示,伊朗,实力
军武次位面,公里,外,击落,马赫,战机,央视,曝光,解放军,反导,拦截弹
环球时报国内,俄,积极,推行,美元化,政策,普京,点名,扩大,结算
央视新闻,国庆,周年,庆祝,活动,首次,联合,演练,圆满,结束
央视网新闻,共和国,成立,周年,受阅,部队,变阵,登车
央视网威虎堂,美国,库尔德,真,土耳其,逐出,北约,专家,年前,答案
央视新闻,精华版,视频,首次,亮相,天安门,新型,装备
紫龙防务观察,美元,水漂,马伟明,真,没,夸海口,美,海军,紧急,找
BTV北京您早栏目,证实,架,黎巴嫩,境内,坠毁
大国防务,叙利亚,退让,突然,开炮,轰炸,土耳其,军队,侵略者,代价
扬我军威,F-35,跑助,飞,先进,战机
铁拳大卫君,美军,拒绝,撤离,原来,目标,锁定
中华神盾舰,俄罗斯,台风,级,核潜艇,面前,孩子
东方卫视-东方午新闻,南部,战区,发言人,美,舰擅,闯,南海,岛礁,邻近,海域,发表,谈话
君大侠,金属,探测器,探索,遗迹,手榴弹,饭盒,时隔,质量
老参谋,神秘,买家,出手,买,光,伊朗,整,艘,油船,石油,美国,追悔莫及
环球时报热点,特朗普,手中,筹码,越,越,少,美媒,更,耐久力
浙江广播电视台,美,奋斗者,薪火相传,教育,精神
扬我军威,发放,退伍军人,光荣牌,材料,贵重,退伍,军人,荣誉,象征
真超级军事迷,伊朗,外长,前脚,抵达,莫斯科,黑海,舰队,立即,全速,驶向,波斯湾
大国防务,灭掉,伊朗,沙特,王子,口吐,狂言,拥有,绝对,军事,优势
长江新闻号,特朗普,捅,篓子,国内,质疑,声,蓬佩奥,拒绝,签字
全球尖端武器,振奋,歼20,获,心脏,性能,翻倍,外媒,拦
燃新闻社会时分秒,现场,长征,乙,运载火箭,点火,升空,成功,实施,箭,发射
奇闻探索家,印度,频繁,坠机,现在,原因,找到,主力,战机,发动机
虹摄库尔斯克,印军,活捉,回国,成,国家,勇士,美,调查,揭开,真相
BTV北京您早栏目,空军,架,战机,法国,西部,坠毁,飞行员,成功,逃生
烽火君,装甲车,半,卖,半,送,美国,抢单,真,VN1,出口,受阻
创思百科,俄,空军,基地,天,遭受,次,空袭,俄,总统,击落
央视网威虎堂,飞行侠,成真,解放军,飞行,背包,首次,亮相,背后,蕴藏,问
中新视频,印度,月,船,硬着陆,处于,失联,状态
山东卫视-早安山东,沙特,处,石油,设施,遭,袭击
谷火平,英国,台风,战机,意图,拦截,苏30
一号哨所,研发,新一代,隐身,战机,美国,坑
鼎盛考古,美,军舰,菲货轮,相撞,遭,美元,赔偿,少
环球时报视频,韩国,瑜,蔡英文,造势,相隔,公里,重要,细节,民进党,真面目
全球尖端武器,航母,全程,入厂,制造,露面,时,便,建成
长江新闻号,死,基地,组织,残余,势力,专家,答案
燃军事,俄,特种兵,突袭,恐怖,现场,机枪,火力,压制,突击组
央视网威虎堂,俄,防长,称,需要,发展,航母,原因,段,话,说出,实话
鹰眼防务解读,缺乏,进口,零部件,资金,俄军,导航,卫星,没,发现,美,空袭
环球时报视频,王毅,台湾,领土,改变,改变
龙炎神兵,订单,订购,国家,美国,公司,竟,说话
深圳卫视直播港澳台,沙特,石油,设施,袭后,美,伊,掀,隔空,交锋,领导人,联大,恐,泡汤
非常军事说,全球,螺旋桨,美国,螺旋桨,重量,倍,西方,媒体,酸
,幕,群众,游行,方队,兵哥哥,击掌
大国飞鹰,拒绝,美国,购买,领土,美国,威胁,丹麦,掏,重金,缓和,双方,关系
BTV晚间新闻报道,美,伊,老,知己知彼,动武
亮剑军武,苏联,拥有,核武器,美国,没,苏联
楠竹一,莫迪,取得,重大,胜利,西方,国,公开,力挺,印度,核,导弹,加注,燃料
解放军新闻传播中心融媒体,韩,议员,组团,视察,争议,岛屿,扬言,通过,战争,夺岛
霹雳火军事,直接,摧毁,军火库,发出,求救,信号
第一军视,胡,兆,富,记忆,战斗
铁血观世界,美军,土耳其,踢出局,F-35
湖北卫视长江新闻号,美军,高官,炒鱿鱼,特朗普,真的,军方,闹掰
第一龙军,博尔顿,解雇,继任者,言,美国,应,牺牲,赢得,核战
新闻360,直击,阅兵,训练场,新时代,女兵,美,青春,绽放,阅兵场
科技多面观,国产,航母,饺子,航母,曝光,预计,明年,年底
畅谈天地,航母,巡洋舰,少,武库舰,现身,实现,弯道,超车
扬我军威,歼-16,战机,颜值,高大上,全机,采用,低,视度,迷彩,称空,美男子
福建广播电视台,评价,台方,称,攻击舰,服役,台,造成,威胁
真超级军事迷,俄罗斯,草案,驳回,联合国,搬迁,尘埃落定
新京报,空军,勿,干扰,行动,轰-6K,排除,外机,干扰,影音,首次,公开
军事报道,空军,发布,轰-6K,战机,影像,志,首次,公布,轰-6K,空中,驱离,外机,干扰
解放军新闻传播中心融媒体,探秘,直-20,萌萌,鼻子,干嘛
青蜂侠,俄,核弹,轰炸机,遭,北约,国,战机,拦截,近,伴飞,方面,孔
燃新闻,艘,航母,通过,台湾,海峡,现场,曝光,苍穹,劈波斩浪
真超级军事迷,国产,航母,曝光,脚手架,出现,关键,位置,局座,透露,重要,消息
霹雳火军事,升级,北约,战机,高速,飞向,俄军,专机,苏27,反击,险些,相撞
军武次位面,首次,出口,吨,级,战舰,价格,便宜,难道,赔钱
环球时报国际,泰国,陆军,测试,VN,装甲车,首批,辆,交付
环球时报热点,印度,玩砸,忍,月,终于,爆发,展开,全面,互撕
 环球时报军事,台湾,想,造,潜艇,专家,台湾,点,水平,痴人说梦
解放军新闻传播中心融媒体,海湾,局势,紧张,英国,部署,伊,俄,演兵,印度洋
新防务观察,核弹,爆炸,瞬间,升起,公里,高,蘑菇云,美国,出现,级
绝对军视,鹰派,辞退,伊朗,头号,目标,美军,调转,枪口
君大侠,步枪,枪杆,水壶,老外,探索,遗址,收获
新闻空间站,塔利班,美国,计划,外,谈判,取得,积极,进展
环球时报视频,崛起,沉重,台独,台,妄图,亲,美,抗,抵抗
小央视频,隔山,解放军,重装,部队,西藏,演习,迫榴,炮,间接,瞄准,目标
军武次位面,现场,实拍,解放军,汽车兵,遭遇,匹野,狼,围攻,荷枪实弹,整整,夜
新华网客户端军事,王,炸,硬核,科普,海军,战机,航空,武器,歼-15,歼敌,火光
空军世界,俄,发出,警告,枚,洲际,核,导弹,破水,出,飞越,公里,目标
噗哩君,伊朗,终于,原形毕露,美方,亮,出,铁证,真的,撕破,脸
看看新闻Knews,评论员,水陆,演习,剑指
北京电视台-晚间新闻,承担,天价,保护费,美国,满足
环球时报视频,天,郭台铭,突然,决定,放弃,参选,专家,详细,解释,背后,原因
燃新闻,卢旺达,军人,学,解放军,队列,走,高喊,右
奇闻探索家,航母,螺旋桨,威力,高度,层,楼,海洋,生物
北京电视台-特别关注,叙利亚,库尔德,武装,撤离,指定,区域,政府
真超级军事迷,单位,做好,准备,歼20,量产,指日可待,专家,瞄准,架
一号哨所,叙利亚,刚,签完,停火,协议,美军,急忙,痛,杀手,点,原因
CCTV4,台媒,武器,新,没用
WT字幕组,马来西亚,军官,演示,防弹衣,性能,枪,击毙
东方卫视-看东方,胡塞,武装,宣布,条件,停止,攻击,沙特
一号哨所,杜威号,安装,神秘,装置,美军,偷偷,测试,张召忠,雾霾,防
燃军事,拉,横幅,展,风范,太原舰,返航,回国,途中,开展,联合,训练
北京电视台-晚间新闻,沙特,石油,设施,遭袭,事件,沙特,伊朗,应,石油,设施,袭击,事件,负责
军事贴图,塔利班,新,轮,报复,英,美,遭遇,袭击,死亡
北京电视台-晚间新闻,俄罗斯,拒绝,美国,叙,石油,开采,进行,合作
兵器酷图,枭龙,没,翼龙,战机,首次,出口,欧洲,买家,赞不绝口
非常军事说,战机,飞行员,总是,带,副,墨镜,原来,关键
BTV北京您早,叙利亚,北部,爆炸,死伤
湖北卫视长江新闻号,美,叙利亚,武力,抢油,特朗普,什么,算盘
上海电视台新闻综合频道,空军,发布,强军,宣传片,鹰击长空,国仗,剑
长江新闻号,终于,普京,招,回,估计,特朗普,口
军武次位面,改到,老妈,认识,国外,进口,武器,改进,前所未有,高度
国防时报排头兵,武器,禁运令,伊朗,考察,战舰,胃口,超,外界,预测
解放军新闻传播中心融媒体,部队,全灭,场,战斗
鹰眼防务解读,鲁哈尼力,挺,胡塞,武装,称,袭击,伊朗,美国,沙特,错
寰球惊叹号,美,通过,决议,全球,移除,群聊,白宫,首脑,梦想,破灭
央视新闻,国庆,周年,庆祝,活动,首次,联合,演练,现场
虾兵械将,伊朗,开始,主动,美军,交出,枪决,特务
国防时报排头兵,伊朗,高调,发起,反击,掀开,核武器,底牌,浓缩铀,丰度,突破
,视频,艘,航母,通过,台湾,海峡
铁血情报局,美国,公开,张卫星,伊方,心中,发慌,战争,胜负,早已,注定
新华社新闻,预备役,部队,方队,军种,联合,编成,端枪,方队
思远军事,公开,特朗普,俄国,马赫,导弹,横空出世,美,质问,公开
鹰眼防务解读,屡,遭,空袭,伊朗,特批,叙,修建,新,基地,专门,应对,轰炸
东南卫视,俄罗斯,美国,决战,苏-57,F-22,胜负,难
挥斥方裘,美国,公布,伊朗,卫星,图,特朗普,想要,表达,什么,美,专家,率先,反对
云上的空母,俄罗斯,搞出,阵仗,云集,滚滚,装甲,洪流,异常,壮观
新京报,俄,轰炸机,波罗的海,遭,拦截,拦截,战机,欧洲,国
 环球时报军事,摧毁,美国,航空母舰,俄,军事,专家,答案,突袭
BTV晚间新闻报道,土,美,角力,俄罗斯,赢家
中国军视网,注意,战略,演习,开幕
老参谋,美,空袭,惹怒,国,精锐,部队,集结,警告,围攻,美军
扬我军威,驱逐舰,换装,装备,先进,系统,美国,伯克级,驱逐舰,相比
安徽广播电视台,新,阅兵,盘点,震撼,画面,难忘
北京电视台-晚间新闻,美国,架,军机,俄克拉何马州,发生,事故,死亡
BTV北京您早栏目,沙特,公布,伊朗,涉,石油,设施,遭袭,事,证据
深圳卫视直播港澳台,深圳,卫视,记者,感受,辽东,雄鹰,风采,剑锋,指,勇往无敌
湖北电视台新闻360,艘,伊朗,油轮,遭导,弹命,发生,爆炸
上海电视台新闻综合频道,全球,眼,土耳其,欲,库尔德,开战,美,戏剧性,撤军
环球时报国内,澳媒,惹事,造谣,监控,澳,专家,美,间,找,平衡,符合,澳,利益
燃军事,太原舰,参加,阅舰式,进入,太平洋,时,偶遇,海上,舰艇
东方卫视-看东方,土耳其,库尔德,武装,未,撤出,恢复,军事,行动
海豚故事荟,珍贵,历史,影像,诺曼底,战役,德国,终,战略,敌方,敢,轻易,行动
小央视频,新兵,枪枪,解放军,练兵,秘诀
真超级军事迷,真正,重器,枚,轰航母,枚,反舰,美军,拦截
中国军视网,陆军,集团军,合成,旅,举行,跨,昼夜,实弹,射击,演练,锤炼,实战化,水
新闻空间站,叙利亚,南部,击落,架
环球时报视频,蔡赖配,登场,台媒,韩国,瑜,言,民进党,粉饰,团结,卸妆
湖北卫视长江新闻号,普京,首次,证实,俄罗斯,研制,陆基,导弹
霹雳火军事,东亚,盟友,做出,重要,决定,挑明,干
一号哨所,韩国,表现,态度,出乎,美,国,想象,美国,罕见,批评,韩国
春秋讲武堂,精锐,回国,印度,美军,先溜
青海广播电视台,莫斯科,航展,展团,重装,亮相
 环球时报军事,反对,印度,印,启用,机场,苏30
绝对军视,波斯湾,传来,炮声,军舰,首次,开火,美称,开战,胜算,增加
环球时报国内,邱毅,挂,新党,头牌,表示,助,韩国,瑜,贪腐,蔡当局
小央视频,世界级,军事,难题,国家,破解
解放军新闻传播中心融媒体,专家,访谈,空袭,邻国,发出,强,警告
中国军视网,蓝剑,海军,特战,联训,开幕式,沙特,举行
中国军视网,艘,航母,通过,台湾,海峡,赴,南海,开展,试验,训练
柚子木字幕组,美国,vs,俄罗斯,军事,力量
上海电视台新闻综合频道,方队,新型,方阵,首次,亮相,国庆,阅兵
一号哨所,印,推迟,苏57,项目,俄罗斯,面子,罪魁祸首,美国
诸葛兵,仅,艘,航母,美国,国家,美,答案
百战刀,俄,提,惹,万,吨,战舰,开到,近海,齐射,枚,导弹,击沉,舰船
看看新闻Knews,俄,土,商定,平方公里,安全区,埃尔多安,满足
扬我军威,飞机,降落,时,减速伞,性能,安全
军武次位面,说好,货,印度,装备,公开,成,亮点
燃新闻,剑指,苍穹,驻,香港,空军,架,直升机,穿云破雾,捍,领空,侵犯
BTV首都晚间报道,德国,北约,盟国,难,逃,美国,狮子大开口
军之家,美国,禁用,撞火,枪托,半自动,步枪,变成,全自动
第一军视,军视,阅兵,精彩,回顾,重量级,明星,装备,震撼,登场
北京电视台-晚间新闻,俄,外长,美,卖,叙,石油,支持,忠于,美的,叙,武装
一号哨所,俄,专家,发现,美军,航母,弱点,没有,怀疑,俄罗斯,做
北京电视台-晚间新闻,空军,发布,强军,宣传片,鹰击长空,国仗,剑
强国网,科工,研制,出,新,导弹,试验,成功,公开
中国军视网,伊朗,举行,盛大,阅兵,高精尖,武器,悉数,亮相
环球时报国内,宋楚瑜,谈判,失败,王金平,问鼎,台湾,梦,破灭,台媒,透露,原因
扬我军威,航母,隐蔽,出行,出海,浓烟,滚滚,堪称,世界,张扬,航母
小林说科技,航母,跑路,飞机,撤退,飓风,面前,美,海军,溜
一号哨所,高,升空,拥有,世界,立体,测绘,技术,缩短,美,差距
楠竹一,关键,时刻,认怂,伊朗,突然,释放,英国,船员,美,开战,时机
中国军视网,威武,霸气,回顾,阅兵,震撼,瞬间
小央视频,高超,声速,武器,强,杜文龙,美国,特早,俄罗斯,特快
BTV晚间新闻报道,加强,国际,影响力,印度,加大,军事,投入
全球尖端武器,枭龙,战机,携,核弹,升空,摧毁,目标,美,呼吁,保持,冷静
绝对军视,土耳其,掀翻,谈判桌,强,逼,美国,做出,否则,月底,美,盟友,开战
解放军新闻传播中心融媒体,悬崖,垂直,力量,特战,女兵,番,训练,准备,攀登,考核
虾兵械将,索马里,海盗,敢,抢劫,俄罗斯,商船,AK630,近,防炮,招呼
7号观察室,脑洞,印军,断,魂椒,做成,手榴弹,威力
燃军事,网友,抬头,拍,空军,阅兵,演练,集锦,战机,飞过,直升机,组队,挂,国旗
福建广播电视台,西班牙,国庆,阅兵式,伞兵,挂,灯柱
环球时报评论,国产,航母,台湾,海峡,耿爽,霸气,反击,门口,训练,什么
燃军事,重磅,美,军,夏威夷,举行,联合,演练,释放,强烈,信号
深圳卫视直播港澳台,记者,近,接触,胖妞,运-20
小央视频,炮弹,夜空,绘画,美,直击,防空,实弹,演练
BTV北京您早栏目,空袭,叙利亚,平民,死亡
燃军事,庆祝,空军,成立,周年,宣传片,发布,苏30,飞行员,强势,喊话,驱离,外机
真超级军事迷,美国,媒体,支持,开战,绝不,手,刀枪
军事报道,水上,救生队,追波,逐浪,荣誉,战
恶搞笑工坊,隐瞒,新型,战轰,原型机,开工,专家,称,造,架
,兵哥哥,安全感
鼎盛军事,精兵,军演,舰艇,突然,闯入,俄,忍无可忍,直接,出手
中国军视网,国防部,举行,海上,联合,演习
军武次位面,苏,关系,恶化,苏联,愿意,先进,飞机,出口
中国军视网,叙,出现,美军,B―52,意味着,什么,军事,专家,李莉,针对,俄罗斯
中国军视网,阅兵,精彩,回顾,突击,部队,方队
BTV北京您早栏目,俄军,直升机,开始,巡逻,叙利亚,北部
环球时报热点,外媒,参与,俄罗斯,军事,动作,俄,军事,合作,更加,紧密
解放军新闻传播中心融媒体,叙利亚,北部,博弈,输家,军事,问题,专家,杜文龙,美国
福建电视台-海峡午报,伊朗,宣布,启动,先进
解放军新闻传播中心融媒体,海军,航空,飞行,学员,单飞,训练,全程,教官,参与
铁血观世界,俄罗斯,总统,骨头,硬,俄,国防部长,句,话,美国
新防务观察,美国,霸权,维系,重要,出现,俄罗斯,难缠
CCTV华人世界,美国,华人,老兵,年前,加入,飞虎队
解放军新闻传播中心融媒体,专家,访谈,美国,破坏,南海,秩序
环球时报热点,沙特,石油,腰斩,国际,市场,袭来,受,影响
BTV北京您早栏目,快评,谈判,旨在,稳定,局势,实现,美
楠竹一,总统,进攻,特朗普,阻止,呼吁,请,保持,冷静
环球时报国内,受,形势,影响,美,科研,主要,合作方,港媒,学术,联系,牢固
福建电视台海峡新干线,伊朗,军人,抗议,活动,抗议者,刺死,联合国,呼吁,克制
青蜂侠,港媒,称,首,艘,国产,航母,疑似,准备,涂刷,舷号,官兵,甲板,展开,受阅,演练
解放军新闻传播中心融媒体,电视,访谈,英,法,德,南海,问题,声明,美国,示好
小央视频,特朗普,勒索,韩国,美元,保护费,专家,想要,钱
小央视频,首艘,国产,航母,穿越,台湾,海峡,舰岛,明显,缩小
空军世界,美国,场,战争,越,越,钱,专家,仗,破产
一号哨所,印空军,突然,研制,机,航发,印度人,找,引进,机
军武次位面,美国,合作,失败,奋发图强,老,飞机,新世纪,焕发,青春
解放军新闻传播中心融媒体,快,火箭军,战略,导弹,部队,新,装备,特点,全,知道
福建电视台-海峡午报,土耳其,国防部,俄,制,S-400,批,设备,交付,完成
湖北卫视长江新闻号,美国,韩国,索要,美元,巨额,保护费
大国将令视频,氢弹,威力,核武器,威力
中国军视网,苏晓晖,美国,破坏,南海,秩序
环球时报热点,定,群岛,决定,台,断交,蔡英文,陈水扁,记录
新京报,惊险,遭,火箭弹,袭击,总理,演讲,空袭,警报
3号球员,张召忠,怀疑,说话,美国,听见,说,没用,美国,马上,弄
新闻空间站,胡塞,武装,威胁
排头军事,爆发,激烈,交火,F35,越境,发动,空袭,叙,伊,导弹,反击
世界武器分析,俄,联合,巡航,岂容,说三道四,国防部,态度,鲜明,专家,国家,适应
上海电视台新闻综合频道,美,舰擅,闯,西沙,领海,南部,战区
央视网新闻,数一数,解放军,场,高原,出动,先进,武器
小央视频,美国,利用,猫来,窃听,真的,行
君大侠,探索,挖掘,锈烂,水壶,饭盒,弹匣,徽章
亮剑军武,印度,军事,瑜伽,马戏,领域,刮目相看
烽火丹心,美,海军,基地,倾巢出动,什么,美军,做,祈祷
解放军新闻传播中心融媒体,平型关,战役,未,剧本,出兵,果断,出击
诸葛小彻,普京,终于,愤怒,核,轰炸机,兵,路,出击,美,呼吁,请,保持,冷静
看看新闻Knews,焦点,翼龙,首销,欧洲,装备,进一步,全球,市场
解放军新闻传播中心融媒体,空袭,成为,局势,导火索,专家,战争,时
军武榜,战略,震慑,印度,导弹,深夜,划过,南亚,命中,目标,印度,敢,妄动
虹摄库尔斯克,美军,紧急,撤出,匆忙,撤军,原因
兵器酷图,乌克兰,集结,重兵,准备,收复,失地,美国,北约,背后,撑腰
空军之翼,美国,敢,伊拉克,敢,伊朗,动武
真超级军事迷,国,实力,差距,东方,普京,句,话,道理
北京电视台-晚间新闻,事件,周年,美国,塔利班,转战,谈判桌
大国将令,军人,叠豆,腐块,印度,军人,叠,美国,叠成,什么样
直播港澳台,沙特指,袭击,伊朗,境内,发起,伊方,否认
上海电视台新闻综合频道,沙特,遭,袭击,处,石油,设施,爆炸
原创学习,央视,首次,曝光,解放军,主战,坦克,先进,程度,叹为观止
央视网威虎堂,世界,末日,美,学者,推演,美,俄,核,景象,近,亿,伤亡
紫龙防务观察,特朗普,犹豫,决错,失良机,伊朗,漂亮,翻身仗,伟大,胜利
,震撼,海军,招飞,宣传片,发布,飞鲨,召唤
北京电视台-晚间新闻,伊朗,适用于,低,烈度,战场
全球尖端武器,歼15,数量,飙增,国产,航母,处,网友,期待
环球时报视频,非媒,非洲,展示,航空,肌肉,非洲
全球尖端武器,苏军,伙食,黑,面包,板砖,硬,受到,士兵,欢迎
大国防务,美国,公开,通敌,慷慨,送上,件,武器,土耳其,急眼,说,套,做,套
军之家,航母,飞行,甲板,厚,张,暴露,秘密,居然,薄
央视网威虎堂,空军,联训,亮点,项,纪录,划,重点,背靠背,贯穿,全场
解放军新闻传播中心融媒体,俄罗斯,测试,首,模块化,机动,机场,扩大,海军,航空兵,范围
全球尖端武器,轰20,凸显,智慧,外形,流畅,简洁,堪比,美制,b2,轰炸机
水镜晓先生,特朗普,盟友,抛弃,国,主动,送给,伊朗,战略,位置,关键
真超级军事迷,美国,处,海外,基地,处,忽略,暴露,真正,意图
全球武器知识,美,伊,局势,恶化,美,突然,伊朗,开炮,特朗普,世界,宣布,战况
环球时报视频,特朗普,加速,亚洲,搞,导弹,扩军,直言,压倒性,优势
安徽广播电视台,点赞,国产,歼-15,舰载机,年前,成功
央视网新闻,轰-6K,绕岛,巡航遇,敌情,间隔,米,掀,肚皮,亮,导弹,挑衅
解放军新闻传播中心融媒体,电视,访谈,美国,军舰,闯入,南海,显示,存在
小央视频,解放军,先进,战机,钟爱,鸭式,布局
 环球时报军事,台,民众,痛斥,蔡,台湾,美军,赚,数千万,网友,感叹,民众,苦
小央视频,王牌,部队,列装,歼-20,击落,击伤,敌机,架,获金,头盔
大国防务,强硬,开火,轰炸数,摧毁,印度,座,村庄
北京电视台-晚间新闻,欧洲,卫星,改道,避让,美国,卫星
铁狼讯,M110,半自动,狙击,步枪,采用,AR,系列,气吹式,方式,帅
真超级军事迷,GPS,系统,失灵,加拿大,军舰,海峡,遇险,感叹,惹
老参谋,俄,发射,枚,洲际,导弹,枚,越过,欧亚,击中,目标,美,保持,克制
上海电视台新闻综合频道,创新,发展,郭兴福,教学法,东部,战区,进行,合成,攻坚,战术,演练
北京电视台-晚间新闻,土耳其,叙利亚,北部,展开,军事,行动
东方卫视-看东方,庆祝,空军,成立,周年,航空,开放,活动
新闻空间站,伊拉克,加入,海湾,护航,军事,力量
中国军视网,吊放声,呐监,听,水下,直击,解放军,舰载,直升机,海上,反潜,训练
环球时报国内,蔡英文,盗用,行政,资源,骗,选票,韩国,瑜,次,选举,结束,忘
利刃军事,航母,装,火炮,嘲笑,苏联,美国,干,装,门
央视财经,探秘,战神,轰-6K,战机,公里,外,发射,弹药,直接,进入,敌区
环球时报视频,美军,司令,渲染,航母,挺进,印度洋,专家,明显,找,围堵
新闻空间站,土耳其,军队,攻占,叙利亚,处,造成,近300,死亡
君大侠,早期,M2卡,宾枪,采用,弹匣,供弹,靶场,全自动,射击
青蜂侠,美军,进驻,保护,叙,油田,实则,偷运,石油,俄方,谴责,国际,土匪
中国军视网,炮火,齐射,硝烟四溢,记者,带,零距离,感受,炮弹
铁鉴腾,伊朗,导弹,美,基地,美,重要,白宫,求援,希望,派,部队,救急
全球尖端武器,赚,花高价,引进,野牛,气垫船,美,俄,眼热,网友,硬气
环球时报国内,台独,放松,青少年,毒害,必将,遭到,强有力
小志神技坊,印度,军事,纪录,美,俄,专家,保持
福建电视台海峡新干线,台,立法,机构,初审,通过,新式,战机,采购,特别,条例,草案
绝对军视,美国,发出,警告,俄,强,核潜艇,部署,远东,次,齐射,摧毁,城市
全球尖端武器,举国,欢庆,航母,疑似,现身,渤海,美媒,拦
环球时报视频,运20,鲲鹏,展翅,成,战略,投送
亮剑军武,盟友,少,美国,支持,印度,俄罗斯,站,印度
央视网,海上,联演,海军,导弹,护卫舰,潍坊舰,抵达,南非
小央视频,导弹,飞,说,算
小央视频,主动,泄密,俄,新,北风,神,A,核潜艇,神
环球时报热点,解放军,进入,攻击,舰加,航母,新时代,台媒,更,显得,坐立不安
BTV北京您早栏目,记者,土耳其,出兵,背后,关切,利益
解放军新闻传播中心融媒体,探秘,国宾,护卫队,国宾,护卫队,摩托车,帅
大国防务,反目成仇,炒鱿鱼,博尔顿,突然,报复,美国,总统,直戳,软肋
军武次位面,强,外贸,战机,亮相,迪拜,歼10,CE,首次,出口,障碍
君大侠,快要,锈烂,遗物,镐头,步枪,枪杆,步枪,弹匣,铁铲
绝对军视,俄,伊,军队,抵达,前线,接替,老虎师,发动,进攻,叛军,称,更,难
燃军事,伊朗,宣扬,俄,进行,海军,联合,演习,刚刚,耿爽,回应
环球时报视频,美,澳,空军,进行,秘密,演练,新西兰,专家,主要,目标,针对
霹雳火军事,爆发,战争,美军,攻下,伊朗,俄,怒怼,完全,痴人说梦
看看新闻Knews,全球,眼丨,俄,秀,战略,力量,美,拉回,军控,谈判桌
上海电视台新闻综合频道,官方,公布,视频,首艘,国产,航母,通过,台湾,海峡
BTV北京您早安,叙利亚,政府军,土耳其,军队,持续,交战
小央视频,俄军,先锋,导弹,服役,速度,高达,马赫,普京,亲自,官宣
青蜂侠,揭秘,女兵,方队,平均,年龄,岁,开,坦克,狙击
大国防务,伊朗,军舰,突然,出击,抓获,艘,油轮,美,英,护航,舰队,沦为,摆设
央视网威虎堂,国产,航母,驶入,台湾,海峡,歼15,换,新,涂装,登场,海军,汉字,超,醒目
一号哨所,英国,退役,艘,核潜艇,发愁,处理,俄罗斯,出,馊,主意
7号观察室,美,俄,先进,武器,放,印度,组装,担心,仿制,俄,专家,话,说
强国网,印,俄,达成,协议,印军,俄,制,装备,印度,制造,零件,实现
科罗廖夫,天下,敌手,伤亡甚微,美军,伤亡率,低
福建广播电视台,台湾,欲,美,采购,M142,火箭,系统,挑动,台海,敏感,神经
浙江广播电视台,武装,首次,出口,欧洲,塞尔维亚,买下,架
中国军视网,艘,航母,通过,台湾,海峡
环球时报视频,变,纸老虎,士兵,缺员,严重,影响,部队,战斗力
诸葛兵,强,核潜艇,开始,动工,艘,摧毁,国家,领先
BTV北京您早,千,跳伞,纪念,市场,花园,行动,周年
福建电视台-海峡午报,俄罗斯,继续,开展,军方
北京电视台-晚间新闻,X―37B,测试,太空,军事,技术,国,卫星,构成,实质,威胁
百战刀,伊朗,反击,导弹,飞越,美军,基地,炸毁,超级,石油,基地
新华网客户端军事,击中,空中,敌,揭秘,空军,空导,弹兵,天上,飞
军武次位面,平均,天,生产,架,美国,F-35,超过,架,歼20,架
7号观察室,美军,命令,见到,高超,音速,导弹
环球时报热点,超燃,刀尖,舔血,护,海疆,辽东,雄鹰,官宣片,全网,首发
科技之光9527,AR15,射击,木板,子弹,穿透力,差别
环球时报热点,台媒,称,阅兵,秀,肌肉,国防部,解放军,反,强大,力量
第一军视,回顾,国庆,阅兵,视频,画面
中国军视网,受阅,女兵,炼成记,揭秘,训练,背后
小林侃世界,历经,数十,载,国,航母,建造,更,航母
小央视频,普京,透露,俄,研制,世界,先进,武器
上海电视台新闻综合频道,全球,眼,敏感,时刻,印度,密集,试射,导弹
北京电视台-晚间新闻,俄,亮,出,装备,建设,成绩单,俄罗斯,加快,武器,装备,更新换代
东方卫视-看东方,全军,进入,警戒,状态
军事报道,探访,航母,舰载,战斗机,飞行,训练
BTV北京您早安,拦截,叙利亚,发射,枚,火箭弹
环球时报热点,美国,天价,保护费,拒绝
环球时报国内,美国,铁杆,反,华,鹰派,碰到,钉子,重量级,委员会,决定,令,气坏
央视网新闻,神州,舰,重塑,新型,反舰,导弹,炮,全都
燃军事,空军,发布,震撼,宣传片,歼11,战机,高速,桶,滚秀,操作
环球时报热点,美,关系,微妙,时,美军,舰,闯,南海,擦枪走火,风险
全球尖端武器,水下,巨兽,排水量,近,吨,专,反,航母,生,建,艘
 环球时报军事,未来,爆发,俄罗斯,答案,集中
铁狼讯,俄罗斯,新,武器,诞生,款,洲际,导弹,美国,堪忧,射程,高达,里
一号哨所,造,列车,认,印,接受,造,航母,俄国
福建电视台海峡新干线,艘,航母,通过,台湾,海峡,外交部,家门口,例行,训练
水镜晓先生,俄军,主力,战机,出,飞行员,捡回,命,普京,必须,彻查,原因
环球时报国内,澳大利亚,美,贸易战,受益,美,媒,盟友,波及,澳
一号哨所,印度,T-90,炸膛,印,专家,原因,令,意外,引发,俄,印,骂战
新京报,沙特,展示,袭击,石油,设施,碎片,特朗普,制裁,伊朗
春秋讲武堂,战机,击落,伊朗,加大,武器,订单,白宫,警告,出售
 环球时报军事,驱逐,土耳其,发出,通牒,否则,剩,条,路,开战
紫龙防务观察,全球,发出,警告,特朗普,做出,疯狂,决定,真,摊牌
BTV北京您早栏目,俄罗斯,演习,俄,空天,部队,成功,完成,空中,拦截
新闻空间站,喀布尔,遭,袭击,造成,死亡
上海电视台新闻综合频道,焦点,派舰,穿,台湾,海峡,美国,频,搞
健康之百事通,国,先行,步,吨,排水量,舰船,出港,开启,双,航母,时代
小央视频,硬核,广告,外国,军方,披露,段,秘密,视频,曝光,武器,威力
秒帧视频,时期,士兵,头盔,质量,翻新,傻眼,惊艳,众人
百战刀,俄罗斯,终于,发起,强硬,反击,次,击退,空袭,F35,落荒而逃
世界武器分析,局势,失控,美军,突然,俄,土,国,措手不及,死伤
铁拳大卫君,武力,夺岛,进入,倒计时,艘,航母,早已,开始,行动,美,俄,均,默许
北京电视台-晚间新闻,俄罗斯,国防部,首架量,产型,苏-57,战机,年底,交付
北京电视台-晚间新闻,俄,首批,战斗,直升机,进驻,叙,北部,机场,战斗,直升机,长期,驻扎,配合,车队,联合,巡逻
北京电视台-晚间新闻,北极,寒地,变,热土,美,俄,北极,军事,战略
原创学习,驻,韩,美军,伙食,秒,视频
直播港澳台,特殊,国庆,攻击舰,首舰
央视网威虎堂,沉,航母,现身,空军,双座,战机,飞越,岛礁,机场,扑面而来
BTV晚间新闻报道,美国,航空,延长,波音737,MAX停飞,时间
紫龙防务观察,乌克兰,终于,迎来,强援,艘,美,舰,驶入,黑海,俄,怒怼,敢,动手,击沉
春秋讲武堂,特殊,枚,炮弹,飞向,美领馆,发生,剧烈,爆炸
解放军新闻传播中心融媒体,特种,支援,飞机,兵力,结构,更加,完备
深圳卫视直播港澳台,追随,防长,脚步,美舰,挑衅,搅,南海
世界武器分析,舰长,抱怨,军舰,刚,进入,海峡,雷达,失灵,情况,发生,反转
虹摄库尔斯克,成飞,新型,飞翼机,曝光,外形,科幻,座舱,框架,网友,猜是,隐身,轰炸机
看看新闻Knews,荷兰,迎首,架,F35,战机,欢迎,仪式,误喷,灭火,泡沫,机身,受损
扬我军威,国产,航母,躺,船厂,航母,开创,先河
CCTV4国家记忆,解放区,国统区,年前,希望
7号观察室,美国人,拦,导弹,激光炮,工人,砍,树
军事报道,聚焦,实战化,演兵场,武警,总队,特战,队员,反恐,演练
军武次位面,勿,忘,南海,撞机,飞行员,英勇,牺牲,坠毁,军机,编号,存,争议
环球时报热点,美,澳,军队,密谋,针对,目标,歼-20,隐秘,进行,年
UTV兵鉴,美,发射,枚,核,导弹,全球,轰炸机,展开,反击,国,战机,升空,拦截
扬我军威,安-22,运输机,甩卖,性能,指标,超运,创造,项,辉煌,纪录
央视新闻,双胞胎,国旗,护旗兵,天,国庆,阅兵,登场
解放军新闻传播中心融媒体,空军,空天,攻防,兼备,战略,军种,迈进
新闻空间站,俄,土,明年,签,S-400,合同
WT字幕组,胡塞,武装,发言人,承认,沙特,石油,设施,发动,攻击
第一龙军,韩,欲,退出,铁三角,家,列为,战犯,警告,美别
一号哨所,美军,架,先进,高射,炮击,落
环球时报视频,美企,愿,撤离,华盛顿,必须,接受,现实,美媒,白宫,强迫
BTV北京您早栏目,韩,美,警戒,王牌,联演
解放军新闻传播中心融媒体,飞行员,训练,仅,秒,记者,晕
上海电视台新闻综合频道,届,迪拜,国际,航空展
真超级军事迷,伊朗,外长,提醒,欧洲,白宫,目标
小央视频,沙特,油田,遭,重创,史,推销员,普京,先生,立刻
创思百科,印,爆发,祭出,红箭,反坦,导弹,敌军,节节,败退
环球时报国内,美,紧密,盟友,警告,效仿,德国,企开,绿灯,英,高官
军之家,手榴弹,子弹,击中,爆炸,美军,喜欢,胸前,挂,颗,手榴弹
小央视频,美,俄,核密,码箱,装,美军,丢失,枚,核弹
北京电视台-晚间新闻,印,印,克什米尔,交火,双方,伤亡
环球时报国际,举行,水陆,登陆,训练,剑指
北京电视台-特别关注,歼16,首次,公开,进行,飞行,表演
央视网新闻,俄,土,达成,新,停火,协议,美媒,失算
北京电视台-特别关注,专家,解读,空军,航空,开放,活动,歼20,挂弹,亮相
BTV北京您早安,美,轰炸机,飞近,俄,俄军,出动,苏-27
中国军网,探访,界碑Vlog,丨,戍边,军人,生死
燃新闻,战旗,招展,美,画,阅兵,结束,首,曲子,网友们,震
 环球时报军事,拒绝,莫迪,专机,飞越,请求,外长,抗议,书面,通知
通天下,叙利亚,北部,战事,持续,叙媒,称,叙利亚,政府军,进驻,叙,北部,重镇,曼比季
中国军视网,叙利亚,北部,城镇,发生,交火,民众,逃离
解放军新闻传播中心融媒体,探访,国旗,护卫队,擎,旗手,袁,晋爽
燃新闻,准备,阅兵,倒计时,阅兵,天安门,前,认真,操练
环球时报视频,美,双方,加急,磋商,争取,协议,取得,共识,外媒,高度,关注
鼎盛军事,伊朗,罪行,暴露,曝光,关键,证据,秘研,核弹,板上钉钉
军迷圈视频,点火,终于,惹上,麻烦,伊朗,核,设备,遭,攻击,真相
解放军新闻传播中心融媒体,捍卫,领土,主权,决心,行动,坚定不移
看北朝,时,德国,美国,实力,差距,细算,侥幸
啮花熊,俄罗斯,提议,印度,技术,基础,联合,研制,新型,潜艇,共享,产权,成本
3号球员,莫斯科,航展,展团,重装,亮相
江苏电视台网罗天下,毫厘不差,武警,排头兵,蒙眼踢,绝活
四川电视台,秒,提前,认识,国庆,阅兵,徒步,方队
武器装备,强,机枪,挺,赛,电枪,火力,强大,挺,称,战场,收割机
恶搞笑工坊,隐瞒,新型,战轰,原型机,开工,专家,称,造,架
胜腾鉴,武器,加急,运往,印度,努力,失败,欲,购,枭龙,扭转,战局
小央视频,伊朗,阅兵,战法,威慑,联军,展览,美国
解放军新闻传播中心融媒体,美国,财政部,宣布,制裁,伊朗,石油,运输,相关,航运,网络
第一军视,军用,美国,机关,算尽,收效
科技多面观,建出,核动力,航母,专家,估算,极
大国防务,土耳其,迎来,沉重,击,架,军机,炸毁,架,遭,击落
霹雳火军事,印度,创造,奇葩,记录,航母,完工,发动机,莫迪
 环球时报军事,美国,退出,条约,终极,目的,暴露,解放军,发,强音,绝不,听之任之
看看新闻Knews,画面,太,震撼,战机,亮相,空军,成立,周年,开放,活动
BTV北京您早栏目,戚继光舰,结束,新西兰,访问,启程,前往,斐济
东方卫视-看东方,美国,想,抛弃,库尔德,盟友,特朗普,辩解
小央视频,印度,阅兵,钟爱,摩托,模型,骆驼,官方,解释
环球时报热点,美军,航母,长期,赖,南海,走,南海,岛礁,附近,炫耀,武力
群魔乱舞,国际,禁用,件,装备,件,残忍,件件
小央视频,歼-10,成长,历程,揭秘
BTV北京您早栏目,叙,外交部,称,土耳其,叙,军事,行动,土,丧失,担保国
紫龙防务观察,特朗普,出卖,宝贝,送到,印度,手中,场,战争,没法
环球时报热点,台湾,调查,婚姻,出现,退潮,趋势,岛内,解释
环球时报热点,台媒,解放军,攻击舰,台,防御,压力,台军,兵力,远远
北京电视台-晚间新闻,沙特,公布,石油,设施,遇袭,调查,结果
君大侠,M1911A,射击,环靶,非常
央视-军事报道,阅兵,倒计时,战鹰,列阵,实战,姿态,接受,检阅
黑龙江电视台-新闻夜航晨光版,陕西,国际,通用,航空,展示,精彩,特技,飞行
全球武器知识,轰-6,N,首次,亮相,引发,讨论,重要性,亚于,歼-20,美,速度
小央视频,俄,防长,称,需要,航母,击沉,航母,武器
上海电视台新闻综合频道,全球眼,停火,叙北,战事,走向
第一军视,C-5,运输机,采用,单翼,设计
排头军事,挑衅,美,军舰,天,擅闯,南海,全程,监视,警告,驱离
思远军事,架,飞机,刚,飞越,国防军,立即,导弹,发射,残骸,收走
央视网威虎堂,导弹,车,次,营长,透露,东风,性能,快,快射,全
北京电视台-晚间新闻,BTV,记者,探访,预备役,部队,方队,生活,保障
新京报,东风,快递,展示,导弹,秒,梳理,战略,导弹,部队,阅兵史
国防时报排头兵,华盛顿,禁令,目标,瞄准,伊朗,航天,遮掩,背后,真实,目的
东方卫视-东方午新闻,土耳其,叙,北部,库武,发动,军事
北京电视台-特别关注,爱国,侨领,司徒美堂
迷彩文化,干货,共同,引进,装备,黑鹰
深圳卫视《正午30分》,国庆,阅兵,女兵,方队,创下,首次
军武次位面,滑稽,印度,坦克,高原,龟速,爬行,网友,坦克,实在,高明
燃军事,台,透露,协助,菲律宾,军舰,通过,台湾,海峡,外交部,坚定,表态
科技多面观,造船厂,消息,航拍,曝光,艘,航母,艘,盾舰
绝对军视,印度,突然,增兵,坦克,营,部署,防线,告急
军事新科技,土耳其,接受,没有,核武器,土,总统,美国,提供,发展
中华神盾舰,运,运输机,性能,美国,C130,相比,毫不,逊色,装备
新防务观察,做好,准备,先,动手,美国,处,基地,重点,关照
紫龙防务观察,工业,实力,逊于,俄,国内,军工厂,倒闭,轻信,西方
安徽广播电视台,国庆,阅兵,女,身份,披露
北京电视台-晚间新闻,海军,太原舰,抵达,横须,贺
军武次位面,猪,队友,美机,发射,导弹,攻击,空军,战机,误,友机,击落
军事报道,部队,官兵,热议,纪录片,祖国,召唤
看看新闻Knews,攻击舰,首舰,仪式,举行
强国网,土耳其,F-35,战机,死心,开启,购买,俄,制,战机,谈判
中国军视网,沙特,石油,设施,遭,袭致,减产,胡塞,武装,称,更,设施
上海电视台新闻综合频道,研制,首型,攻击舰
君大侠,挖到,时期,铁罐,里面,装,防毒,面具,锈烂
环球时报视频,台湾,奶奶,蔡英文,气到,关,电视,养老金,组庶,民女,F4,支持,韩国,瑜
小央视频,隐身,亮相,俄军,新,动作,杜文龙,眼熟
看看新闻Knews,停火,叙北,战事,走向
梨视频,揭秘,国刀,天安门,升旗,指挥刀,镶嵌,颗,宝石
军事报道,阅兵,唱响,属于,铁甲,战歌
中国军视网,美,瞄准,亚太,水下,战场,出动,核潜艇,重返
环球时报视频,吊,美国,俄罗斯,女,发言人,扎哈罗娃,访华,辟谣,力挺
龙虎军事视频,换代,质,飞跃,枭龙,战机,做到,歼10
央视网威虎堂,电磁,弹射器,装备,亚洲,唯一,舰载机,训练,基地,答案
扬我军威,歼11B,战机,改型,首次,露面,机头,雷达,罩,换色,引发,众人
全球尖端武器,架,歼15,国产,航母,满载,舰载机,涂装,辽宁舰,飞行,联队
大国鉴,重型,火箭炮,开火,弟弟,猛攻,叛军,美土,翻盘,失败
环球时报国内,预测,韩国,瑜,输给,蔡英文,票,网友,纷纷,痛批,反,预言
BTV北京您早,俄,总理,助理,领土,争议,做
央视网新闻,美,俄,说,高超,声速,武器,世界,强,专家,评价
我们视频,庆祝,新,成立,周年,阅兵,女兵,方队,接受,检阅
解放军新闻传播中心融媒体,俄,乌,关系,出现,暖意,持续,改善,需要,时日
小央视频,高颜值,高,学历,学霸,方队,亮相,博士,硕士,占
上海电视台新闻综合频道,叙利亚,通讯社,称,叙,政府军,土军,发生,激烈,交火
军武次位面,俄罗斯,宣传,米格35,性能,优异,飞行,展示,掉,零件,印度,忽悠
中国军视网,美,俄,走钢丝,土耳其,真,敢,S-400,机密,换,F-35
环球时报国内,爆发,战争,平民,仓皇,逃难,受灾,表态
环球时报热点,台湾,前途,国家,统一,团结,继续,努力,奋斗
看看新闻Knews,土耳其,指,违禁,武器,库尔德,皮肤,灼烧,融化
新京报,国庆,阅兵,仪式,维和,部队,方队,首次,亮相
君大侠,水里,捞出,时期,枪杆,颗,炮弹,M1伽兰德
君大侠,突击,步枪室,靶场,射击,测试,回音,必须,佩戴,耳麦
春秋讲武堂,俄军,摧毁,目标,难怪,美军,敢,交锋
东方卫视-东方新闻,叙利亚,未,完,添,硝烟,土军,继续,越境
新华社新闻,空军,受阅,部队,长机,飞行员,均,师旅,团长
环球时报国际,岁,巨星,简・方达,美国,国会,门口,抗议,逮捕,双手,绑
鼎盛军事,伊朗,导弹,解除,保险,英国,军舰,警报声,敢,跨雷池,步
霹雳火军事,俄罗斯,核,攻击,美国,恐怖,全世界,陪葬
,带,牺牲,战友,接受,检阅,约定,实现
新闻空间站,叙利亚,战事,停火,土,俄,总统,商议,叙北,安全区
小央视频,轰-6K,绕岛,巡航遇,敌情,间隔,米,掀,肚皮,亮,导弹,挑衅
上海电视台新闻综合频道,全球,眼,土叙,曼比季,美,俄,新,轮,博弈
解放军新闻传播中心融媒体,探访,特种,飞机,运输,航空兵,战略,投送
环球时报视频,特朗普,香港,问题,解决
环球时报视频,蔡,搞出,独,课本,贻害无穷,台湾,痛心疾首
BTV首都晚间报道,俄罗斯,升级版,白天鹅,战力,倍增
环球时报视频,枚,导弹,突然,袭击,伊朗,油船,场,战争
虎仔谈兵,俄,媒,爱国者,目标,拦截率,低
BTV晚间新闻报道,美国,首次,涉嫌,研发,导弹,技术,制裁,伊朗,空间局
央视军事,飞鲨,歼-15,首次,亮相,国庆,阅兵,戳,视频,换,角度,够
环球时报热点,俄,合作,出新,动作,国,战略,农业,快车,启动
BTV北京您早栏目,俄军,直升机,降落,叙,北部,废弃,美军,基地
东方卫视-看东方,俄罗斯,核力量,演习,雷霆,结束
山东卫视-早安山东,叙,政府军,土耳其,军队,叙,北部,交火
第一军视,强军,战歌,解放军,合唱团
大国鉴,美,F22,飞,米,苏57,爬升,米,歼20,战机,飞,高
军之家,时期,德国,讨厌,犹太人,德国,全世界,讨厌
新华社新闻,军运会,|,刘玉栋,承担,点火,重任,光荣,激动
东方卫视-看东方,印度,试射,潜射,K-4,弹道,导弹,射程,公里
北京电视台-晚间新闻,土方,选择,开战,时机,煞费苦心
福建电视台海峡新干线,土耳其,继续,叙,北部,库武,发动,军事,造成,近300,死亡
南方电视台-今日一线,飞行,表演,歼-20,运-20,亮相,炫酷,飞行,表演
解放军新闻传播中心融媒体,特战,官兵,跑步,迎接,祖国,华诞,礼物,甜
环球时报视频,驱逐舰,抵达,海将,表示,非常,荣幸
WT字幕组,皇家,海军,穷到,份,爆,英国,欲,全新,女王,级,航母,出租,美国
一品观世界,决战,高官,决战,印度,遭,恶果
央视军事,动态,央视,记者,抵达,土,叙,杰伊兰,珀纳尔
BTV北京您早栏目,林肯,航母,进入,波斯湾
解放军新闻传播中心融媒体,重,达,吨,猎人,B,款,隐身,轰炸机
东方卫视-看东方,叙利亚,停火,期限,土,叙,库武,展开,军事,行动
环球时报视频,太原舰,赴,参加,国际,舰队,阅舰式,活动
环球时报视频,谷歌,台湾,选举,枪,竞选人,广告,全都,接
看看新闻Knews,炸死,吉哈德,高官,遭,报复,升级
BTV北京您早栏目,土耳其,遣返,外国,极端,加剧,土,欧,关系,恶化
中国军视网,直击,阅兵,训练场,揭秘,操控,重器,火箭军,受,阅方队
中国军视网,盘点,新,阅兵,震撼,画面,难忘
大国防务,伊朗,侥幸,躲过,劫,俄罗斯,关键,时刻,发声,美国,总统,态度,立马,变
紫龙防务观察,继续,增兵,南海,挑衅,美国,海上,力量,跃跃欲试,海军
绝对军视,印,局势,持续,紧张,陷入,空前,孤立,总理,发出,警告
环球时报视频,特朗普,切断,美企,华,联系,美国,非但,孤立,反而,孤立
军迷爆笑秀,子弹,造,出,国家,造出,原子弹,专家,出,原因
环球时报热点,美军,叙利亚,巡逻,时,亲,土耳其,武装,炮击,未,击中
上海电视台新闻综合频道,焦点,翼龙,首销,欧洲,装备,进一步,全球,市场
军武次位面,苏联,撤走,专家,造出,更,飞机
小央视频,攻击舰,首舰,战力,强,航母,配合
世界武器分析,美国,德,韩,盟友,互,撕,金,南,敲诈勒索,条,路,走
楠竹一,普京,赚,架,战机,购买国,令,警惕
铁血观世界,韩国,召开,美,结局
深圳卫视《军情直播间》,美,抓紧,落地,高超,音速,武器,高超,音速,武器,领域,美,俄,交替,领跑
BTV首都晚间报道,叙,政府军,土耳其,军队,叙,北部,交火
铁拳大卫君,美,总统,闯,刚,德撕,完,韩国,收回,驻,韩,美军,基地
湖北卫视长江新闻号,俄罗斯,S-400,国际,热卖,美国,拦,拦
燃军事,现场,解放军,架,武直,走出,国门,俄罗斯,陆航,竞技
世界武器分析,美国,海军,搞,航行,目标,俄罗斯,没,驱离
上海电视台新闻综合频道,叙利亚,美军,叙,北部,油田,附近,巡逻
长江新闻号,事情,发展,超出,预期,胡塞,武装,悄悄,做,决定,沙特,迎来,重要,时刻
解放军新闻传播中心融媒体,海军,特战,展开,蓝剑,联合,训练
扬我军威,歼-31,改进,定位,F-35,外,出口
军之家,远,必,诛,车臣,指挥官,全家,逃往,德国,俄,特工,发现,枪决
广岛之恋,印度,回,终于,重兵,出击,真正,开始
楠竹一,军种,联合,出动,东海,传来,爆炸声,安倍,引发,众怒
第一军情,俄,印,国,干成,件,美国,淡定
小初看军事,美国,军费,年,普通,士兵,月薪,白领,想,流泪
黑龙江电视台《新华视点》,减产,沙特,处,石油,设施,遭,袭击
新华网客户端军事,实拍,武警,毫米,车载,速射,迫击炮,开火,射炮弹,射,机枪,威力,惊人
无未东西,引进,国产,龙门吊,俄,奋战,月,唯一,航母,终于
第一军视,回顾,国庆,阅兵,视频,画面
老参谋,美,盟友,愿意,狼,共舞,宣布,退群,开展,演习,理睬,警告
BTV北京您早栏目,伊朗,扣押,英国,油轮,史丹纳帝国,驶离,港口
鼎盛军事,萨达姆,亲,孙子,突然,现身,美国,提出,特殊,条件,件,东西
原创学习,段,秒,落叶,飘,视频,美,俄,战机,战机,飘逸
绝对军视,支持,印度,入,常,法国,喊,口号,更,忽悠,印度,买买买
央视网威虎堂,俄,轰炸机,遭,韩,战机,围观,双方,挂弹,相迎,机徽,清晰
北京电视台-晚间新闻,演习,见证,伊朗,实力
上海电视台新闻综合频道,民兵,方队,金水桥,畔,华丽,绽放
BTV北京您早,俄罗斯,提议,北约,暂缓,部署,导弹,北约,尚未,肯定,回应
迷彩一线,购,俄,S400,遭,损坏,赔,俄,负,全责
一号哨所,艘,航母,趴窝,东海岸,全军,覆没,美,海军,请,外援
全球尖端武器,航母,迈入,新,阶段,关键性,技术,傲视,群雄,外媒
挥斥方裘,解放军,特殊,兵种,拐,军官,见到,怕
全球尖端武器,厉害,歼20,战斗机,曝光,歼16,组成,联合
兵说,美,愿望,终究,落空,老朋友,幡然顿悟,昔日,兄弟,释放,极,善意
BTV北京您早安,记者,韩,美,决定,推迟,联合,空中,演习
中国网直播,俄,战略,轰炸机,飞越,波罗的海,遭,北约,国,战机,夹道,欢迎
绝对军视,蛙人,潜入,印度,海港,唯一,航母,目标,印军,发现,立刻,击毙
BTV北京您早栏目,土,美,军队,叙,北部,安全区,进行,次,巡逻
水镜晓先生,特朗普,果然,暗藏,阴谋,普京,幌子,矛头,瞄准,亚洲
军武次位面,东风,试射,枚,弹头,重新,洗牌,美国,反导,系统
参考防务,苏-35,回访,土耳其,秀,特技,搞,推销
真超级军事迷,美国,战争,失败,俄,弱点,忽略
解放军新闻传播中心融媒体,阅兵,火箭,军徒,步方队,重器,握
青蜂侠,帅,天团,解放军,仪仗队,气势,虹,高唱,歌唱,祖国
海外网,叙,政府军,土耳其,军队,激战,叙库,武装,反政府,武装,交火
央视网威虎堂,步枪,组装,线,曝光,工人,热火朝天,工作,件,仅,米粒
亮剑军武,苏联,拥有,核武器,美国,没,苏联
恶搞笑工坊,消息,艘,航母,核动力,排水量,超,吨,美福,特级,差
霹雳火军事,局势,走向,失控,莫迪,终于,迎来,利好,消息,特朗普,坐
军武次位面,羡慕,美军,直,首次,亮相,阅兵式,陆军,插,翅膀
环球时报视频,直,通用,直升机,解放军,前线,出租车
东方卫视-看东方,俄罗斯,俄,争议,岛屿,附近,举行,军演
强国网,强硬,底气,沙特,王子,声称,摧毁,伊朗
小央视频,美军,见,油眼,开,折返,叙利亚,特朗普,点,钱
上海电视台新闻综合频道,全球,眼,土耳其,开打
亮剑军武,枚,伊朗,导弹,齐射,雇佣,兵,遭,团灭,美称,前所未有
环球时报国内,台,观光业,惨淡,港媒,关系,出现,曙光,回暖,迹象
真超级军事迷,次,海试,结束,官方,披露,国产,航母,消息,振奋
真超级军事迷,招声,东击西,波斯湾,舰队,撤走,俄,越界,导弹,轰炸
BTV晚间新闻报道,土耳其,空军,开始,参与,S―400,防空,导弹,系统,培训
世界武器分析,印度,精锐,部队,凌晨,偷袭军,官营,伤亡,惨重,布置,短程,核,导弹
烽火丹心,偷袭,珍珠港,美国,加入,罗斯福,演,苦肉,计,罢了
中国军视网,天价,驻,韩,美军,费用,韩国,交,杜文龙,交
虹摄库尔斯克,美土,联合,巡逻队,进入,叙利亚,土,装甲车,高调,亮相,炸药,炸飞
安徽广播电视台,阅兵,训练,强度,双备,修鞋,掌
解放军新闻传播中心融媒体,金寨县,命名人,牺牲,黎明
东方卫视-东方新闻,伊朗,遭袭,油轮,公布,破洞,清晰
诸葛小彻,家门口,突然,升级,普京,单,挑,西方,国,战机,火速,出击
北京电视台-晚间新闻,苏-57,首秀,叙利亚,战场,实战,检验,提升,新,装备,战力
思远军事,安倍,愚蠢,付出,代价,普京,军舰,火速,出击,敢,阻止
福建电视台海峡新干线,美,韩,铁三角,散架,郭宪纲,美,军事,摇钱树,令,韩
湖北卫视长江新闻号,美国,派,航母,威胁,伊朗,出动,战机,掠阵
央视网新闻,规模,惊人,NASA,卫星,捕捉,万年,罕见,宇宙,现象
东方卫视-东方新闻,艘,航母,通过,台湾,海峡
新防务观察,继续,美国,俄罗斯,交付,S-400,土耳其,成大,赢家
BTV晚间新闻报道,土耳其,继续,引进,俄,制S,安抚,美国
新闻空间站,卡塔尔,科威特,加入,美国,护航,联盟
人民视频,现场,曝光,海军,实弹,海盗,缴械,投降
精兵堂,次,订购,架,战机,印度,杀器,歼16,赞不绝口
环球时报国内,蔡赖,团结,喊,震天,响,突变,画风,直呼
科罗廖夫,鸽子,炖汤,间谍,暗黑,战争,侦察,利器
大国防务,伊朗,出动,军舰,海军,司令,撂下,硬话,矛头,指向,美国
强国网,加拿大,表示,美国,提供,稀土,供应,信
铁血情报局,局座,预言,应验,印度,听,劝告,模仿,终于,教训
环球时报视频,特朗普,出尔反尔,说,抢,石油,抢,石油,俄,外长,非法,狂妄
BTV北京您早栏目,关注,叙利亚,局势,联合国,停火,叙,北部,炮击,交火
系国之军,S500,防空,系统,防住,F22,战机,更,厉害
BTV晚间新闻报道,俄罗斯,提议,北约,暂缓,部署,导弹
君大侠,遗迹,探索,发掘,枚,徽章,收藏,选择
央视网威虎堂,国庆,周年,阅兵,回顾,王牌,部队,初,登场,长,剑露,真容
环球时报热点,美国,公司,热爱,美媒,提出,原因
新闻空间站,土耳其,称,叙利亚,北部,抓获,迪姐姐
紫龙防务观察,守,出来,总师,透露,强硬,信号,架,歼20,罕见,巡航,外海
环球时报评论,解放军,准备,敌人,发挥,全部,实力,专家,发出,严厉,警告
央视军事,艘,航母,通过,台湾,海峡
铁血观世界,强国,美国,突然,变怂
燃军事,现场,海军,实弹,海盗,直升机,快艇,联动,出击,海盗,缴枪,投降
北京电视台-晚间新闻,美,波兰,出售,F-35,逼近,俄,家门口
环球时报评论,美国,新,航母,抗住,东风-21,试验,答案
解放军新闻传播中心融媒体,美,俄,激烈,美,盟友,俄罗斯,搞,海上,联合,演习
BTV首都晚间报道,炸弹,误投,跑偏,驻,美军,事故
 环球时报军事,服软,天,特朗普,改口,称,伊朗,实力,象征
第一军情,英军,参拜,靖国神社,英国,驻,怒
浙江广播电视台,新一代,陆战,王,亮相,国庆,阅兵
环球时报国内,韩国,瑜,蔡英文,造势,更,高,网络,投票,结果,蔡,支持率,惨不忍睹
环球时报热点,天,战舰,军机,频频,穿插,紧急,出动,应对
解放军新闻传播中心融媒体,长假,武警,官兵,坚守,暖心,护航
长江新闻号,美,接连,听到,噩耗,威胁,土动武,力挺,天,次,发声
燃军事,突发,美国,驻,附近,发生,爆炸,爆炸,街道,现场,曝光
央视新闻,特种兵,震撼,脚步声
时间直播,驻,港,部队,群,功夫兵,硬核,新兵,帅
集邮人,美国,重新,改进,古老,加特林,机枪,战场,称为,火神炮
新京报,火炮,方队,亮相,数字化,火炮,精度,更,高,火力,更,猛
集邮人,步枪,手工,组装,完成,工厂,测试,条件,苛刻
君大侠,李恩菲尔德No.5,步枪,称,丛林,卡宾枪,靶场,射击,实测
中华神盾舰,航母,速度,节,左右,换成,交通,工具,快
BTV北京您早栏目,土耳其,出兵,国际,社会,呼吁,保持,冷静,克制
安徽广播电视台,仪仗,方队,护卫,面,旗帜,率先,走过,天安门
新华网客户端军事,华盛顿,航母,企业,旧锚,退役,航母,发挥,余热
环球时报国内,台湾,发生,重大,事故,消防,车辆,前往,造成,重大,死亡
环球时报视频,美军,驱逐舰,擅,西沙,群岛,遭,军队,驱离,专家,美国,越来越
环球时报国内,民进党,政治,火烧,台媒,台湾,带来,浩劫
亮剑军武,飞行员,报复,关闭,发动机,坠向,全,牺牲
环球时报国内,台媒,感叹,台商,担心,事,发生,民进党,根本
央广军事,官兵,原创,歌曲,骄傲
四川电视台,军迷,必,天津,国际,直升机,博览会
大国将令,护卫舰,舒适,武器,餐厅,厨房,浴室
环球时报国内,国台办,美国,立即,停止,推动,消极,议案,进一步,损害,美,关系
 环球时报军事,美,神秘,飞机,落地,太空,天,俄,媒,天空,美军,极限
小央视频,美军,首次,承认,遭遇,UFO,证实,UFO,视频,真
新京报,国庆,周年,阅兵,昂首,行进,接受,检阅
 环球时报军事,白宫,担心,土耳其,控制,美,基地,核武,谈判,筹码,悄悄,审议,计划
大国防务,外国人,立即,撤离,胡塞,武装,发布,死亡,威胁,轰炸,沙特,油田
北京电视台-特别关注,土耳其,军队,攻占,叙利亚,处,造成,近300,死亡
中新视频,国庆,阅兵,陆军,方队
君大侠,配备,高清,瞄准镜,突击,步枪,户外,靶场,射击,测试
燃新闻,没,帮,库尔德,抵抗,土耳其,美军,怒,特朗普,做法,感到,羞耻
第一军视,结婚,参加,阅兵,件,完成
小央视频,长,剑-100,巡航,导弹,强,火箭军,揭秘,秒,深意
环球时报热点,台湾,选举,激烈,美国,军机,穿越,台湾,海峡,台媒,解读
环球时报热点,莫迪,遭遇,重大,挫折,印度,增速,骤减,美,贸易战,印度,压力
东方卫视-东方新闻,土耳其,军队,推进,叙利亚,战事,士兵,出现,首,例,阵亡
环球时报国内,外交部,敦促,布拉格,早日,纠正,错误,双方,恢复,交往,合作,创造,条件
黑龙江电视台《新华视点》,歼-20,运-20,首次,东北,进行,飞行,展示
东方卫视-东方新闻,叙利亚,局势,停火,进入,天
全球尖端武器,司马懿,漏杀,百年,翻身,灭,司马,王朝
北京电视台-特别关注,德国,总理,呼吁,土耳其,立即,停止,叙利亚,北部,军事,行动
大国防务,美军,突然,强攻,塔利班,近,百,战况,惨烈,前所未有
环球时报热点,美,韩,推迟,空军,联合,演习,特朗普,喊话,金正恩,迅速,行动
央视网新闻,燃料,拼死,击落,美军,双料,王牌,飞行员
湖北卫视长江新闻号,全球,媒体,聚焦,报道,军运会,开幕式
小央视频,俄,艘,潜艇,组团,突防,逼近,美国,东海岸,俄,媒,慌
黑龙江电视台《新华视点》,军运会,参赛,军马,获,专属,医院
央视网新闻,铿锵,玫瑰,绽放,长安街,民兵,方队,红装,参加,阅兵
军武次位面,魔改,工程师,架,老,飞机,电传,技术,达到,美国,战机,水平
环球时报热点,触底,反弹,台,学者,韩国,瑜出,主意,找,回来,机会
中新视频,仪仗,方队,高,擎,党旗,国旗,军旗,接受,检阅
科技多面观,确定,款,国产,舰载机,进行,改进,媲美,F35,战机
北京电视台-晚间新闻,直-20,首次,近距离,公众,见面
环球时报国内,俄,帮助,建,导弹,预警,系统,耿爽,俄,防务,交流,合作,符合,国,利益
全球尖端武器,揭秘,永乐,迁都,换来,天子,守,国门,合,合理
东方卫视-看东方,研制,艘,航空母舰
山东电视台,女兵,方队,卫生兵,狙击手
环球时报视频,周,重要,邻国,力挺,菲律宾,总统,发炮,美国,滚开
大国飞鹰,英国,扣押,邮轮,伊朗,报复,未,完,月,发生,次,军事
BTV北京您早栏目,叙媒,称,土耳其,占领,叙,北部,重镇,拉斯艾
北京电视台-晚间新闻,俄军,架,战略,轰炸机,远,赴,南非
科罗廖夫,刚刚,俄,总统,预防针,伊朗,立马,出,狠,招,西方,乱成一团
新闻空间站,叙利亚,媒体,土军,空袭,炮击,叙,北部,平民,死亡
环球时报热点,特朗普,美,非常,接近,结束,贸易战,区别,留学生
解放军新闻传播中心融媒体,美,俄,延伸,武器,装备,命名,强
青蜂侠,首次,海军,太原舰,赴,参加,阅舰式,海军,舰艇,时隔,访
强武堂,干,漂亮,美国,偷偷,窜入,高空,侦察,神器,干下,架
央视网快看,艘,航母,通过,台湾,海峡
央广军事,首次,国庆,阅兵,女,亮相,徒步,方队
环球时报热点,台媒,寻求,蔡英文,满脸,笑容,赖清德,表情,亮
诸葛小彻,直接,亮出,核武器,警告,普京,率先,美,发出,值得,全世界,警惕
安徽卫视-超级新闻场,艘,航母,通过,台湾,海峡
新华网客户端军事,直击,新疆,军区,年终,考核,火箭炮,高射炮,齐射,演练,现场,堪比,实战
BTV北京您早栏目,空袭,杰哈德,高官,叙住,死亡
紫龙防务观察,首批,艘,全部,出现,曝光,震撼,画面,进入,阶段
环球时报视频,贸易战,未能,阻止,美企,进驻,美国,资金,积极,华,投资
原创学习,CCTV,警示,模拟,美,俄,核战,死伤,近,亿
环球时报要闻,美,愿,南海,风平浪静,伪装,没有,国防部,引用,古语,霸气,批评
楠竹一,核,支持,莫迪,军火,送到,国内,请求,介入
环球时报视频,魏凤,固有,领土,寸,丢,搞,死路一条
军武次位面,沙特,陆军,手持,狙击榴,战场,网友,担心,武器,砸,招牌
爱军,印度,奇葩,冷兵器,令,印度人,难度,极,高
环球时报国内,台湾,选举,进入,百天倒数,民调,韩国,瑜,出现,现象,缺口
第一军视,届,军人,运动会,运动员村,迎来,首批,外军,代表队
东方卫视-看东方,太原舰,赴,参加,国际,舰队,阅舰式
系国之军,性能,堪称,歼10,C三代机,敌手,前不久,斩获,实战,战果
胜腾鉴,武器,加急,运往,印度,努力,失败,欲,购,枭龙,扭转,战局
中国军视网,AC313,直升机,成功,完成,首次,验证,试飞
燃新闻,阅兵,结束,女兵,红,眼眶,骄傲,站,军姿,命令
上海电视台新闻综合频道,确认,沙特,增兵
燃军事,现场,周年,前夕,美军,F35,战机,伊拉克,投下,近,吨,炸弹
福建电视台海峡新干线,俄,南非,海军,首次,举行,海上,联合,演习
通天下,重磅,国庆,前,攻击舰,首舰
小央视频,模拟,实战,歼-20,罕见,展示,挂弹,收弹,动作
游击将,防空,导弹,系统,强,美国,搞,黄,合作,成全,俄罗斯
铁鉴腾,军舰,开进,波斯湾,立即,行动,美,拒绝,方案
新京报,东风-41,核,导弹,方队,亮相,国庆,阅兵,战略,核力量,重要,支撑
环球时报热点,澳,拥抱,轰动,澳大利亚,遭到,澳洲,联邦,政府,严厉,批评
BTV北京您早栏目,俄罗斯,表示,愿,帮助,土耳其,研制,战机
中国军视网,国防部,坚决,反对,美方,亚太,部署,陆基
军事报道,海军,培养,舰载,战机,飞行员,成,体系,新,飞行员,平均,年龄
军事报道,庆祝,空军,成立,周年,空军,更加,开放
早安江苏,阅兵,车牌号,细节,泪目
新闻空间站,印,克什米尔,交火,双方,伤亡
北京电视台-晚间新闻,聚焦,新一代,战机,美国,探索,前沿,技术
燃新闻,挑衅,美方,艘,军舰,猖狂,闯入,南海,海空,兵力,警告,驱离
解放军新闻传播中心融媒体,新疆,女兵,进,军营,部队,暖如家
铁鉴腾,韩国,终于,硬气,美国,催,美军,基地,搬家
环球时报国际,战略,运输机,送货,俄,曝光,S400,运往,土耳其,画面
君大侠,探索,遗迹,收获,样,东西,头盔,步枪,弹夹,枪杆,水壶
人民网,战略,支援,部队,方队,首次,亮相,国庆,阅兵
军事报道,武汉,军运会,媒体,运行
燃军事,土耳其,支持,武装,继续,军事,行动,埃尔多安,扩大,叙,安全区
央视网威虎堂,坦克,陆军,重装,合成,旅重拳,出击,空军,歼10,助阵,呼啸而过
全球尖端武器,突破,新型,攻击舰,亮相,空中,力量,配置
央视新闻,差,毫,陆军,方队,步幅,cm,动作,齐刷刷
小央视频,歼-20,试飞,遭遇,险情,声,巨响,飞行员,紧急,抢救
小央视频,超近,直击,陆军,方队,劈枪,练,出来
上海电视台新闻综合频道,全球,眼,调兵,增,战机,美军,重返
环球时报视频,国产,航母,台海,台湾,怕,喊,蔡当局,怕,什么
解放军新闻传播中心融媒体,军事,战斗,宣言,拼倒,争,站,升,国旗
环球时报视频,美国,专家,军队,现代化,解放军,透明度,提升,值得,赞赏
烽火丹心,直升机,重量,仅,吨,美军,坐,外面,摔,反
大国防务,美国,总统,突然,公开,宣战,塔利班,首领,强势,回应,全面,袭击,美军
诸葛兵,空军,迎来,雪耻,战,战,东南亚,劲旅,派出,阵容,振奋
武器装备,零下,度,俄罗斯,士兵,防寒,套,价值,神器,行
霹雳火军事,担心,重蹈,失败,覆辙,印度,高层,发,警告,称,切勿,插手
看看新闻Knews,俄,核力量,终考,结束,海陆空,数百,具,战略,武器,齐,亮相
上海电视台新闻综合频道,全球,眼,特朗普,撤军,美,党,反对
鼎盛军事,飞行员,拒绝,执行,军令,驾驶,战机,撞向,指挥所
解放军新闻传播中心融媒体,乌克兰,阵地,升起,美国,国旗,传递,什么,信息,专家,抱怨,祈求
霹雳火军事,轻率,决定,美军,骗,整整,年,成
环球时报国内,蔡英文,台湾,韩国,瑜,市长,收,烂摊,百姓,良心
福建电视台海峡新干线,美国,警告,土耳其,出动,美制,战斗机,测试,俄,制,S-400
人民前线,军人,版,祖国
燃新闻,叙,政府军,挺进,国旗,飘扬
早安江苏,重磅,国庆,前,攻击舰,首舰
大国将令视频,印度,士兵,练,铁头功,战场,头盔,带,偏带,头巾
小央视频,微秒,猎杀,美军,神秘,相位,炮,曝光,堪称,克星
全球尖端武器,俄,制,问世,运载力,输,C130,英,美,捶胸顿足,快,停下
小央视频,国,媒体,聚焦,阅兵,杀器,东风-17,引,美,媒,震惊
新闻空间站,伊朗,土耳其,停止,叙利亚,军事,行动
环球时报热点,美国,面临,风险,美,公布,权威,数据,关税战,引发,美,市场,强烈,震荡
通天下,空军,发布,飞行员,励志,宣传片,青春,表白,祖国
江西广播电视台,江西,制造,惊艳,全场,国庆,受阅,直-20,亮相,直博会
看看新闻Knews,全球,眼,调兵,增,战机,美军,重返
小央视频,说穿,欧美,新型,步战车
新华社新闻,AI,合成,主播,16,埃及,俄罗斯,约旦,举行,联合,军演
今日亚洲,澳,丛林,肆虐,家畜,袋鼠,烧焦
央广军事,受阅,官兵,集结,完毕,休息区,训练
燃军事,越南,渔船,拍,辽宁舰,遇上,挂,战略,核潜艇
中国军网,飞,陆,航空,阅兵,飞行员
第一军情,土耳其,胆儿,真肥,竟,美国,战机,测试,俄罗斯,导弹
环球时报国内,台媒,权力,傲慢,蔡英文,忘乎所以,丝毫,台湾,苦命人,真是
新防务观察,乌克兰,国家,甘愿,美马,前卒,免费,建造,处,军事,基地
第一军情,土耳其,帮,普京,美国,彻底,挤出,叙利亚
新华网客户端军事,场面,普京,访问,获,盛大,欢迎,天上,飞机,拉线,骑兵,护送
北京电视台-晚间新闻,沙特,石油,设施,遭袭,美,宣布,沙特,部署,导弹,防御,系统
解放军新闻传播中心融媒体,军运,卢嫔嫔,荣誉,属于,祖国
军武次位面,创纪录,胡塞,武装,全歼,沙特,旅,解决,战斗,士兵
铁血观世界,美国,想,伊朗,美国,欧洲,盟友,美国,犯
解放军新闻传播中心融媒体,探访,界碑Vlog,丨,戍边,军人,生死
新闻空间站,胡塞,武装,宣称,俘获,沙特,士兵,沙特,尚未,证实
新京报,炮火,土耳其,叙利亚,政府军,首次,直接,交火,死伤
军武次位面,土耳其,祖先,成吉思汗,局座,历史,强,土耳其,祖先
东方卫视-看东方,吉林,长春,空军,航空,开放,活动,举行,歼20,空中,登场
青蜂侠,IS,头目,遭,亲信,背叛,偷走,美军,确认,情报,突袭
安徽卫视-超级新闻场,长春,空军,航空,开放,活动,飞行,表演,高
真超级军事迷,战斗,民众,忍让,关键,海域,划下,禁飞区,美,战机,挡死
解放军新闻传播中心融媒体,欲,宫古岛,建弹,药库,南西,岛,战略,格局,改变
燃军事,,,解放军,流星雨,重,火力,武器,夜间,齐射,沸腾,夜空
燃军事,现场,尧城,国际,通用,航空,飞行,高手,云集,运动员,身后,挂,国旗,跳伞
环球时报视频,印度,失去,尼泊尔,霸权,印媒,印度,应,抱怨,尼泊尔,接近
看看新闻Knews,近,探访,国,重,器直,颜值,爆表,空中
新华社新闻,方队,构筑,区域,防空,坚固,屏障
新京报,鹰击,B岸舰,导弹,亮相,国庆,阅兵,活动,水面,舰艇
解放军新闻传播中心融媒体,维和,部队,方队,首次,受阅,世界,展示,担当
小央视频,战士,穿上,复活甲,解放军,野战,救护
央视网新闻,共和国,成立,周年,东风-26,核常,兼备,导弹,方队
环球时报视频,美,双方,理当,坚持,相向,行,合作,国,唯一,选择
长江新闻号,场,血雨腥风,土耳其,军队,开火,叙北,数千,平民,逃亡
央视网新闻,共和国,成立,周年,东风-17,常规,导弹,方队
军武次位面,惊险,堪比,武装,劫匪,抢劫,机场,警方,爆发,激战,击毙
中国军视网,军运村,举行,欢迎,仪式,代表队,陆续,入住
环球时报视频,台,旅,美,学者,口气,宣称,解放军,没,机会,占台,岛内,网友,狠呛
环球时报视频,魏凤,率团,赴,俄,观摩,军演,解放军,新式,迷彩服,曝光
北京电视台-晚间新闻,俄罗斯,国防部,首架量,产型,苏―57,战机,年底,交付
环球时报热点,韩国,瑜民,调远,低于,蔡英文,逆转,朱立伦,点出,关键
解放军新闻传播中心融媒体,直通,军运会,军运,赛场,友谊,国界
小央视频,印度,坠机,飞行员,躺,泥地,村民,围观
解放军新闻传播中心融媒体,俄,猎人,B,VS美,女,武神,取胜
强国网,天后,印度,新型,隐身,战舰
 环球时报军事,国防部,坚决,反对,美国,航母,编队,南海,炫耀,武力,推动,军事化
小央视频,飞跃,公里,普京,核动力,巡航,导弹,震惊,美方
中国军视网,美军,舰擅,闯,西沙,群岛,领海,南部,战区,海空,兵力,予以,警告,驱离
BTV北京您早栏目,拦截,叙利亚,发射,枚,火箭弹
BTV北京您早栏目,库尔德,武装,表示,俄军,提供,帮助,支持
人民网,民兵,方队,红装,参加,阅兵
霹雳火军事,俄军,精锐,刚,抵达,战场,遭,美,火力,全开,猛烈,轰炸,普京,发出,战争,警告
环球时报视频,教,猎鹰,国产,先进,战机,班主任
环球时报热点,近距离,感受,国庆,阅兵式,DF17,DF41,导弹,方队
铁血观世界,俄罗斯,喜提3万,吨,核,巨兽,贫困,帽子,彻底,脱掉,美
啮花熊,印度,国产,发动机,难产,欲,求助,外援,法国,制造商
小央视频,英姿,颜值,阅兵,女兵,方阵,pick
环球时报热点,乌,外长,否认,泽连斯基,受,特朗普,施压,乌克兰,美国,政治,选边站
长江新闻号,寻常,决定,俄罗斯,委内瑞拉,签订,关键,协议,美国,进退两难
,苦难,辉煌,周年,阅兵,混剪,MV
世界武器分析,F22,升空,数,艘,战舰,紧急,撤退,美国,拉响,警报
环球时报视频,空军,举行,实战,联演,印媒,全面,次
春秋讲武堂,导弹,发起,叙,油轮,遭,炸沉,美,警告
全球尖端武器,美国,开始,慌,空警,装,项,先进,技术,竟然,航母,入役
军之家,飞行员,保命钱,携,金币,金表,跳伞,唯一,求生,装备
直播港澳台,台军,旅,编成,联合,兵种营,战力,提升
央视网威虎堂,军媒,曝,红旗,弹体,细节,弹体,表面,光滑,设计,红旗
央视网,国庆,受,阅女,民兵,脱,阅兵服,穿上,绿,军装
紫龙防务观察,联合,围攻,土耳其,终于,迎来,强,外援,东方
环球时报国内,韩国,瑜,副手,浮出,水面,回应,没有,悬念
环球时报国际,枪,未,开,俄,占领,美国,遗留,叙利亚,基地,武装,直升机,进驻
君大侠,挖到,时期,机枪,弹鼓,里面,卷,弹链,生锈
中新视频,国庆,阅兵,举行,升旗,仪式,响,礼炮,响彻,云霄
新闻空间站,联合国,停火,叙,北部,炮击,交火
春秋讲武堂,美军,动真格,架,战机,航母,霍尔木兹,海峡,雷达,出现,异常
环球时报国内,贸易战,伤害,席卷,全,美,美,外交,专家,伤害,永远,痊愈
环球时报国内,军舰,抵达,举行,隆重,欢迎,仪式,释放,重要,信号
中国军视网,抹,维和蓝,带,认识,维和,部队,训服
扬子哥教你格斗,俄罗斯,特种,部队,教官,教,招,侧踹,力量,踹断,肋骨
央广军事,雪域,高原,官兵,唱响,祖国
绝对军视,休息,国产,航母,重新,搭脚,手架,工人,甲板,施工
BTV北京您早安,库尔德,武装,叙利亚,北部,撤离,俄罗斯,部署,更,军警
小央视频,美军,罕见,曝光,核潜艇,武器,舱,军官,直言,活跃,俄军
环球时报热点,乌克兰,喊话,俄罗斯,快,军舰,马桶,俄,反驳,拆
北京电视台-晚间新闻,土耳其,叙利亚,军事,行动,果,终
深圳卫视直播港澳台,美媒,称,美国,叙利亚,问题,成,输家
上海电视台新闻综合频道,土耳其,总统,叙,北部,发起,军事,行动
深圳卫视直播港澳台,土耳其,国防部,俄,制,S-400,批,设备,交付,完成
北京电视台-晚间新闻,土,总统,希望,美,遵守,承诺,玩,拖延,土,寻求,叙军,回避,安全区,警告,宣战
第一龙军,华盛顿,算盘,鲁哈尼,宣布,进一步,暂停,协议,俄军,精锐,部队,出发
央视网,太空,里,交通,意外,美,欧,卫星,险,相撞
湖北新闻,军运会,羽毛球,项目,开赛,国家,运动员,角逐,金
大国防务,美国,突然,发狠,俄罗斯,关键,时刻,慷慨,相助,解,伊朗,燃眉之急
环球时报视频,美企,警告,美国,年后,陷入,衰退,悲观,情绪,稳步,增长
环球时报视频,猜中,美军,接连,台海,搞,军舰,刚,走,军机
北京电视台-晚间新闻,俄,太平洋,舰队,装备,锆石,高超,声速,导弹,航母,杀手
解放军新闻传播中心融媒体,场,袭击,涉事国,说法,李莉,美,耍赖,土,彰显
BTV北京您早栏目,美,战机,误投,模拟,弹,强烈,抗议
央广军事,受阅,部队,成员,官方,公布,爱国,准守,纪律
燃军事,现场,美国,时隔,年,试验,萨德,画面,曝光,韩媒,紧急,辟谣
新华社新闻,武警,官兵,讲述,阅兵,背后
军武次位面,快,跑,国民党,战机,进入,见,空军,秒怂
燃军事,解放军,战士,秒,表白,祖国,战位,守护,祝,祖国,生日,快乐
新闻空间站,空袭,杰哈德,高官,叙住,死亡
军事报道,空军,空天,攻防
北京电视台-晚间新闻,叙利亚,宪法,委员会,启动,俄,美,激烈,争夺,主导权
新华社全媒报道平台,阅兵,请,祖国,检阅
环球时报热点,土耳其,集结,完毕,场,战争,快要,美国
解放军新闻传播中心融媒体,黄崖洞,保卫战,左权,守护,掌上明珠
小央视频,俄军,美,发动,电子战,切断,卫星,通讯,紧急,撤退,令
长江新闻号,龙虎斗,俄罗斯,公开,喊话,高下
 环球时报军事,邀请,国,参加,阅舰式,参加,国防部,回应
第一军情,恐怖,威慑,美,俄,超级,核,导弹,发射,跨越,太平洋
绝对军视,美军,抢先,叙北部,撤离,库尔德,抱有,幻想,俄,叙,拒绝,救援
小央视频,秒,揭秘,战略,核,导弹,部队,前世今生
环球时报视频,专家,直言,美企,市场,占有,保持,竞争力,关键
胜腾鉴,彻底,露出,獠牙,艘,准,航母,搭载,美军,F35,俄,N瑟
全球尖端武器,英国,飞机,数量,血,拼德机,战况,泪目
新京报,成功,发射,高,卫星,国土,普查,防灾,减灾
诸葛兵,新一代,导弹,王,射程,公里,高超,音速,弹头,覆盖,目标
大国防务,硬碰硬,美国,纠集,艘,军舰,堵门,伊朗,艘,战舰,出动
畅谈天地,英国,航母,漏水,忍俊不禁,舰长,神回复,反正,漏
恶搞笑工坊,阔气,印,欲,订购,伊朗,石油,美,敢,买
直播港澳台,开国,阅兵,现代,阅兵式,画,蓝本
空军世界,美国,阻拦,乌克兰,出售,航空,工业,心脏,网友,计谋,失败
北京电视台-特别关注,国,联军,袭击,武器,伊朗
新京报,陆军,飞行员,坠机,牺牲,国防部,发言人,心痛
参考防务,火力,全开,俄军,瓦良格,巡洋舰,远东,实弹
中国军视网,美,伊,尹卓,伊朗,攻打,特朗普
燃军事,现场,俄军,核潜艇,试射,航母,杀手,反舰,导弹,靶舰,巨大,火球,笼罩
扬我军威,系统,进行,升级,换代,俄罗斯,航空,工业,更进一步
看看新闻Knews,美舰,闯入,南海,岛礁,南部,战区,停止,挑衅,发生
君大侠,遗迹,挖到,锁,斧头,锈成,年头
军武次位面,解放军,赴,俄,参加,军演,军队,走出,国门,什么
中国军视网,专家,带,阅兵,陆地,阅兵,军舰,海军
诸葛小彻,俄国,美国,国,公布,太空,武器,隐藏,太,深
扬我军威,蓝天,剑客,协同,配合,成,空军,训练,重点,共同,合作,筑,领空,长城
新华网客户端军事,印度,翻版,捕食者,试飞,坠毁,群众,围观
BTV北京您早栏目,俄,驻,叙,空军,基地,年,击落,架
BTV北京您早栏目,土耳其,接受,叙,政府军,收编,库尔德,武装
BTV北京您早栏目,争相,研发,先进,战斗机
人民视频,国防部,俄,南非,首次,非洲,南部,举行,海上,联演
安徽广播电视台,军运会,女足,胜,韩国,取得,首胜
大国防务,反击,突然,重炮,轰炸,印军,前沿,阵地,座,村庄,未能,幸免
挥斥方裘,苏57,座舱,首次,公开,机械,仪表,全部,消失,歼20,优势,消失
北京电视台-晚间新闻,俄,紧急,出动,核潜艇,发射,潜射,洲际,导弹,凸显,美,核,反击
环球时报视频,俄罗斯,战略,演习,启动,军队,参演,超,协同,反恐
强国网,态度,转变,俄,紧张,情况,联合,演习,透露,出,寻常
3号球员,美军,越战,生化,武器,深受,害
环球火力,训练,受伤,士兵,卧床,数,周,高层,整改
央视财经,央视,记者,揭秘,国庆,周年,阅兵,盛典,新型,迎宾,礼炮,科技,秘密
环球时报视频,印媒,关注,深化,安全,合作,声言,组织,谋求,领导
上海电视台新闻综合频道,长春,空军,航空,开放,活动,举行,飞行,表演队,展翅,蓝天
北京电视台-晚间新闻,特朗普,土,军事,行动,敢,美,实施,强硬,制裁
 环球时报军事,美国,拉,韩国,档子弹,韩国,舆论,炸,锅,韩媒,周边,送死
燃军事,俄,演习,营地,刮起,风,外国,军官,写,汉字,书法
中国军视网,受,台风,影响,国际,舰队,阅舰式,取消
南方都市报,详解,阅兵式,明星,装备,C位,出道,逐一,介绍
看看新闻Knews,67空军,开放,活动,飞行,表演队,展翅,苍穹
环球时报视频,美国,发,强硬,警告,敢,染指,叙利亚,油田,美军,俄军
北京电视台-晚间新闻,解码,直-20,项,直升机,关键,技术,实现,突破
新闻空间站,委内瑞拉,哥伦比亚,练兵
扬我军威,美国,重型,轰炸机,B52,飞行,高度,达到,平流层,高度
新华网客户端军事,航拍,空军,现役,主战,装备,合影,架,战机,排列,超壮观
环球时报热点,美方,频频,表态,美,磋商,达成,阶段,协议,成,白宫,主流,声音
君大侠,遗迹,捡到,颗,手榴弹,响,胆子,挺
解放军新闻传播中心融媒体,美国,矛,抵挡,俄罗斯,盾
环球时报视频,美国,华,耿耿于怀,美,教授,成,唯一,威胁,美的,力量
新防务观察,狙击手,击杀,目标,前,必须,先,退,颗,子弹,关键,时刻,保命
全球尖端武器,攻击舰,海军,添,重器,发展,进入,新时代
新闻空间站,帅,美,国庆,阅兵式,江苏,面孔
中国军视网,黯然,谢幕,加特林,机枪,马克沁,机枪,历史性
环球时报视频,美,关系,重回,美,新,轮,磋商,结束,取得,实质性,进展
环球时报视频,蔡英文,遭遇,岛内,民众,突袭,陈情,陈情书,刚,递出,维安,抬走
军武次位面,欧美,放弃,苏联,坚持,发扬光大,爱,炮射,导弹
鼎盛贴图,印度,放大招,目光,锁定,登月,局座,完全,搞笑,差,远
大国飞鹰,俄,枚,核弹头,抵达,前哨,基地,北约,知晓,命,前沿,部队,战备
真超级军事迷,美国,霸权,走向,终结,马克龙,掷地有声,拉,俄,重返
参考防务,加油,俄军,苏-34,机队,练,公路,战备
小罗说战,钉子,导弹,厉害,西方,盯上,逃,逃,掉
原创学习,美军,密集,阵,强,段,视频,令,叹为观止
3号球员,美国,近乎,实战,夺岛,演习,展现,全新,战术
燃军事,台军,F16,V,升级,组装,线,曝光,蔡英文,参观,技工,装模作样,疑似,摆拍
北京电视台-晚间新闻,伊朗,新型,亮相
第一军视,片识,武器,疾速,追击
北京电视台-晚间新闻,俄,高,超音速,导弹,量产,装备
强国网,关键,时刻,失联,印度,月船,登月,失败,局座,早就,料到,结果
军迷圈视频,乌克兰,出售,台,航发,美国,出手,阻止,马达西奇,霸气,回怼
新华网客户端军事,空军,曝光,歼-20,轰-6N,新型,战机,画面,驱离,外机,喊话,霸气
国防时报排头兵,沙特,军费,达,全球,遭,袭击,真凶,非,伊朗,非,胡塞
燃军事,战场,火力,支援,王,士兵,穿,吉利服,神不知鬼不觉,发射,迫击炮
诸葛兵,美军,退役,飞行,玩,刺激,选苏式,战机,座驾,结果
央视网新闻,俄,陆军,完成,伊斯坎德尔,导弹,系统,换装
江苏电视台网罗天下,博士,硕士,院校,科研,方队,军中,学霸,精彩,亮相
新防务观察,德国,希特勒,搞,军费,关键
兵说,印军,摔,飞机,飞行员,表现,神勇,开离,居民区,成功,跳伞,逃生
,航空,开放,活动,飞行,表演,全程,高能,眨眼
环球英文版,美国,想,军事,伊朗,顿,直说
央视网威虎堂,美军,意外,空袭,网友,真相,炸锅
大国鉴,印度,扬言,开战,必胜,双线,战争
央视网新闻,运20,货舱,容积,首次,曝光,近,藏,集装箱,毫无,压力
军之家,钢盔,抵御,子弹,减缓,戴
第一龙军,入常,申请,否决,亚洲,死心,美,俄,国,平起平坐
扬我军威,轰-6,轰炸机,引,众人,调侃,架,成就,远程,战略,轰炸机,梦想
一号哨所,投,印度,国产,航母,阶段,开工,印度人,领先,福特号,步
长江新闻号,美方,突然,南海,招,专家,暗示
大国防务,伊朗,座,海外,基地,曝光,部署,数千,精兵,躲,美军,眼皮,底下
燃军事,现场,!,俄,太平洋,舰队,实弹,防空,演练,舰艇,出动,导弹,枚
奇闻探索家,印度,军事,实力,强,战争,爆发,出乎意料
军事报道,成功,发射,资源,卫星
新华网客户端军事,巨舰,漂移,美,福特,航母,测试,高速,转向,船身,倾斜
央视网新闻,疯狂,空袭,美,制裁,油轮,伊朗,亮宝,局势,生变
BTV北京您早栏目,土耳其,空军,开始,参与,S-400,防空,导弹,系统,培训
虾兵械将,军人,叠,豆腐块,印度,春卷,美军,叠
环球时报视频,美,想,拉,俄罗斯,重回,G7,俄,专家,直言,西方,阻止,俄
中新视频,提前,感受,国庆,受阅,部队,走过,长安街
大国防务,炸毁,伊朗,炼油厂,盟友,美国,总统,出,损招,时候,武力,解决
央视网新闻,土,叙,首次,交火,停火,变,全面,开战
,候车厅,变,阅兵场,海军,方队,整齐,候车
BTV北京您早,胡塞,武装,沙特,更,设施
军武次位面,特朗普,东风,面如死灰,苦心,研制,反导,系统,瞬间,成,废铁
小北侃世界,宝贝疙瘩,款,丑,怪,重要,战机
新华国际,感恩节,美国,送,份,礼
环球时报热点,美国,军费,讹诈,升级,韩媒,披露,美,考虑,撤军,立即,撤稿
新京报,记者,探访,美军,撤离,叙,北部,基地,现场,发现,东西
全球尖端武器,传,捷报,航母,真容,现身,双,航母,更,激动
全球尖端武器,航母,刚,海试,捷报,频传,美,俄,拍,拦
环球时报国内,台湾,武力,称,扩大,威力,扫荡,国台办,警告
环球时报视频,台,防长,导弹,岛内,网友,台湾,石油,金矿
第一军情,普京,怒,刚刚,俄罗斯,战机,升空,警告,土耳其
解放军新闻传播中心融媒体,陆军,集团军,阅兵,重整,行装,出发
青蜂侠,探访,阅兵,训练,场主,副食品,展示,鸡,鸭,鱼,水果,冰棍
央视网威虎堂,视频,艘,航母,通过,台湾,海峡,迎风,飘扬
小央视频,版,东风,快递,密集,曝光,款,导弹,眼熟
新华社新闻,蓝天,雄鹰,歼6III型,飞机
辽视第一时间,喜迎,国庆,国庆,阅兵,训练场,探访
燃军事,空军,歼-10C,机身,细节,曝光,机组,钻入,进气道,检查,机身
军武次位面,畅销,美国,型,武器,受到,世界,欢迎,美国,空军,买
环球时报热点,空军,夜袭,叙,军方,称,拦住,导弹
小央视频,歼-10,CE无人机,首次,亮相,迪拜,高端,产品
央视网快看,数说,艘,航母,排水量,吨,辽宁舰,战力,更,强
大国防务,态度,变,突然,强硬,出招,反击,印度,措手不及
燃军事,航天,科工,硬核,表白,祖国,东风-10A,鹰击,齐,镜
新防务观察,敏感,时刻,俄罗斯,测试,新,杀器,服役,美国,航母,寸步难行
人民视频,太原舰,抵达,横须,贺,海军,时隔,年,访
国防时报排头兵,国家,出售,航母,装备,蒸汽,弹射器,仅,售,废,铁价,低
环球时报热点,加拿大,军舰,穿越,台海,刷,存在感,加方,刻意,高调
北京电视台-晚间新闻,成功,发射,资源,卫星
浙江广播电视台,仪仗,方队,首次,高攀,党旗,国旗,军旗,国庆,受阅
央视新闻,叙利亚,库尔德,逃往,叙,伊
环球时报视频,韩媒,韩国,萨德,事件,韩,首,度,重启,国防,战略,引,关注
全球尖端武器,难以置信,军舰,航母,特意,养,猫
南方都市报,监狱,遭,空袭,造成,死亡,特使,呼吁,军事,联盟,调查
看看新闻Knews,美,欲,前,部署,陆基,问题
东方卫视-看东方,土耳其,发起,叙利亚,军事,行动
新京报,突击车,方队,亮相,国庆,阅兵,陆地,近海,航渡
新闻空间站,法德,领导人,共同,呼吁,土耳其,停止,叙,军事,行动
中国军网,新兵,｜,骄傲,迷彩色,青春
小央视频,新加坡,美军,协议,续签,年,特朗普,围堵,出,招
环球时报视频,警惕,美国,硬,扣帽子,目的,必须,戳穿,图谋
解放军新闻传播中心融媒体,时代,美,俄,发展,什么,武器,装备
BTV北京您早栏目,俄,总统,新闻,秘书,称,俄罗斯,土耳其,叙利亚,局势,保持,沟通
福建电视台海峡新干线,欧洲,暂停,土耳其,出售,军事,物资,土,外长
绝对军视,油田,遭,导弹,袭击,美,盟友,终于,反击,出动,战机,轰炸,伊朗,基地
央视新闻,视频,国庆,周年,庆祝,活动,首次,联合,演练
环球时报视频,外媒,全球,目光,聚焦,美,新,轮,磋商,发出,希望,信号
扬我军威,俄,出动,北风,神,核潜艇,美国,西海岸,巡逻,美国,警告,撤离
新华网客户端军事,美国,筹划,亚太,部署,导弹,国防部,表态
第一军情,洪秀柱,蔡英文,行骗,天下,马英九,必须
央视网新闻,俄,波塞冬,近期,测试,俄,美,争夺,水下,优势
环球时报视频,翼龙,优异,性能,享誉,国内外
北京电视台-特别关注,美国,考虑,叙利亚,保留,少量,军队,守护,油田
环球时报视频,艘,火箭,运输船,出海,参试,高举,状态,出航
央视网威虎堂,展示,枚,核,导弹,专家,解读,战略,模块,暗藏,重要,讯息
BTV北京您早栏目,记者,土,美,达成,协议,土耳其,停止,行动,天
中国军视网,国庆,阅兵,记忆,开国,辆,坦克,接受,检阅
东方卫视-东方午新闻,吉林,长春,庆祝,空军,成立,周年,航空,开放,活动,闭幕
环球时报国内,政要,共同,呼吁,美,停止,贸易战,传出,喜讯,成果,丰硕
解放军新闻传播中心融媒体,美国,欲,退出,开放,天空,条约
上海电视台新闻综合频道,美土,协议,土耳其,战火,没,停,特朗普,称,零星,炮火
强国网,俄,需要,航母,需要,击沉,航母,武器,库兹涅佐夫号,印度
看看新闻Knews,直击,天津,直博会,风雷,飞行,表演,精华
央视网威虎堂,战机,低调,现身,FC-31,近景,机腹,细节,格外,吸睛
燃军事,猖狂,美国,问题,意图,插手,新疆,事务,耿爽,怒斥
央视网新闻,解放军,新,步枪,高原,试验,画面,曝光,直指,世界,先进,行列
BTV北京您早安,俄罗斯,叙利亚,东北部,新,设,基地,部署,武装,直升机
新华网客户端军事,土耳其,称,击毙,恐怖,飞行员,投弹,视频,曝光
BTV首都晚间报道,俄罗斯,展示,核力量,警告,西方,欺人太甚
BTV首都晚间报道,俄罗斯,美国,激烈,暗战,争夺,主导权
深圳卫视直播港澳台,王牌,飞行员,详解,歼-20,关键,性能,指标
长江新闻号,场,盛会,谢幕,国,纷纷,发出,感慨,赞美,史无前例
小央视频,解放军,仪仗队,女兵,海外,表演,枪操,亮,全场,欢呼
北京电视台-晚间新闻,航空,开放,活动,记者,揭秘,红旗-6,弹炮,防御,系统
全球武器知识,印方,士兵,压境,美,推波助澜,避免,矛盾,升级
霹雳火军事,终于,公开化,特朗普,突然,解雇,形势,美
解放军新闻传播中心融媒体,X-37,B空天,飞机,时间,纪录,美国,加速,天军,建设
全球尖端武器,性能,提高,国产,航母,海试,传,捷报,搭载,架,舰载机
全球尖端武器,全球,首创,驱逐舰,雷达,亮相,难,超越
山东卫视-早安山东,国庆,前夕,火箭军,发布,视频,导弹,亮相
春秋讲武堂,试探,底线,伊朗,成功,摸清,美军,底牌,美,承担,战争,损失
军事贴图,美国,出现,处,美丽,风景线,国内,危机,令,唏嘘
大国鉴,绝不,印度,低头,决定,心酸,购,架,退役,战机,抵抗
中国军视网,MV,祖国,歌声,嘹亮,受阅,官兵,唱响,祝福,祖国,歌
世界武器分析,俄罗斯,战舰,出动,奔,美国,领海,美军,回,喊,航行
国防时报排头兵,扣押,伊朗,油轮,美,高官,船长,行贿,数百万,美元,结果,失望
小央视频,叙利亚,御林军,开进,前线,T-90A,战豹
虾兵械将,座,岛屿,位置,特殊,面积,平方公里,暗藏,座,基地
新防务观察,飞行员,战机,飞行员,戴,面罩,民航,配备
绝对军视,瓜,伊,终于,美国,开始,动用,军事,手段,马杜罗,强硬,付出,代价
大国将令,美国,实力,想,张召忠,国家
 环球时报军事,俄,开启,超大,军演,国,火力,密集,攻击,俄,演习,针对
安徽广播电视台,东风,核,导弹,方队,压轴,方队,震撼,亮相
BTV北京您早栏目,记者,专访,受阅,官兵,倾听,阅兵,现场,感受
新京报,艘,航母,通过,台湾,海峡,赴,南海,发言人,针对,特定,目标
梨视频,开幕式,特殊,演员,军运会,舞台,藏,兵哥哥
世界武器分析,加拿大,军舰,穿越,海峡,警报,屡,遭,锁定,渥太华,颜面
绝对军视,土耳其,兵,路,进攻,真正,目标,库尔德,国,反对
南方都市报,东风,首次,亮相,阅兵式,究竟,厉害,专家,称,航母,克星
 环球时报军事,气息,笼罩,美国,扬言,开战,伊朗,称为,全面,战争,做好,准备
央视新闻,阅兵,现场,演唱,生日
大国防务,枚,导弹,万,余,军人,出动,俄罗斯,突然,搞出,雷霆,动静
新华网客户端军事,暖心,神盾舰,驶入,东京,码头,横幅,慰问,灾民
诸葛兵,印度,邻国,发生,猛烈,交火,战场,局势,呈
北京电视台-晚间新闻,土耳其,军力,北约,仅次于,美国
绝对军视,美国,劝降,伊朗,盟友,倒戈,俄,万,吨,巨舰,火速,增援,波斯湾
环球时报国内,澳,反,华,议员,访华,拒,直截了当,欢迎,抹黑
燃军事,美舰,穿航,台湾,海峡,东部,战区,回应,军队,掌握
谷火平,俄罗斯,安静,潜艇,开始,测试,没有,安装,AIP,系统
7号观察室,应对,新一代,武器,美军,发展,新型,海上,巨兽
解放军新闻传播中心融媒体,援潜,救生,演练,沉底,潜艇,成功,脱险
军事报道,直击,歼-11B,高,强度,空战,训练
真超级军事迷,架,F16,拦截,失利,F-35,伊防长,必须,破解
排头军事,白宫,怪,美制,武器,屡,战场,出丑,俄罗斯,拉拢,美国,盟友
北京电视台-晚间新闻,围绕,军情,协定,磋商,韩,口水仗,韩方,称,未,遵守,宣布,消息,时间,约定
强武堂,联手,反对,美军,发射,吨,催雨弹,数万,丢掉,性命
中国军视网,回来,受阅,女兵,重回,阅兵,训练场
环球时报评论,海军,演习,首次,扩大,非洲,南段,俄罗斯,舰队,展开,天,演练
新华社新闻,AI,合成,主播16,韩国,政府,推迟,终止,韩,军情,协定
燃新闻,猖狂,美军,派出,战斗,军舰,闯入,南海,南部,战区,强硬,警告,果断,出手
环球时报视频,特朗普,白宫,终于,说,真相,美,贸易战,美股
大国防务,国,突然,联手,入侵,叙利亚,实力,俄军,强大,叙,践踏,国际法
BTV首都晚间报道,渲染,俄罗斯,老舰,强,美国,真实,目的,发展,军力
解放军新闻传播中心融媒体,东盟,防长,扩大会,反恐,专家组,联合,演习,结束
军武榜,美军,强,轰炸机,万里,突防,部署,欧洲,阵地,俄,发出,核,警告
军武次位面,尴尬,苏联,进口,飞机,没法,弹射,逃生,果断,改,设计,获,成功
燃军事,揭秘,驻,港,部队,海军,官兵,夜,生活,高,强度,训练,实战,操演,力保,香港,安全
中国军视网,美国,军舰,闯入,南海,杜文龙,显示,存在
北京电视台-晚间新闻,叙,政府军,土耳其,军队,叙,北部,交火
鼎盛军事,俄罗斯,跌落,神坛,年,重回,超级大国,列,专家
燃军事,鲁哈尼,永远,答应,美国,双边,谈判,邀约
大国将令,飞行员,驾驶,战机,叛逃,美国,祖国,收到,箱,快递,跳脚
3号球员,军事,专家,美国,韩国,操控,存在
小央视频,美媒,声称,台湾,计划,空袭,福建,台,天后,辟谣
绝对军视,伊朗,秘密,核,设施,发现,美国,亮出,动武,绿灯,F35,命令
强武堂,美机,侵犯,领空,果断,米,开火,击落,美军,王牌,飞行员
军武次位面,年,次,国民党,战机,进入,毫无办法
楠竹一,价格,F35,贵,倍,全世界,贵,战机,出动,毁灭,国
第一军视,暗斗,走向,明争,美,俄,军售,笑到
绝对军视,避免,重蹈,战败覆辙,印度,积极,备战,买,架,战机,辆,坦克,战车
央视网新闻,美,欲,韩,部署,普京,威胁,俄,远东,基地
北京电视台-特别关注,美国,架,军机,俄克拉何马州,发生,事故,死亡
解放军新闻传播中心融媒体,印,购买,俄,S-400,美国,竟,没有,反应
紫龙防务观察,艘,航母,载,俄罗斯,远逊,美国,数量,令,眼前,亮
环球时报热点,香港,公义,梁美芬,美国,香港人,失望
3号球员,局座,德国,步,战车,缺点,卖给
央视网新闻,祸害,美军,海外,基地,世界,更,安全
中国军视网,俄罗斯,美,推卸,破坏,太空,安全,责任
科罗廖夫,结束,美国,艘,航母,万,架,轰炸机,进攻,苏联
环球时报视频,美国,制裁,继续,普京,真的,亲自,特朗普,推销,军火
解放军新闻传播中心融媒体,深圳舰,神州,舰,旧貌换新颜
 环球时报军事,美军,真实,战斗力,究竟,美,传统,基金会,答案,评价,客观
铁鉴腾,俄罗斯,警告,敢,胡来,开火,强硬,反驳,恕,奉命
新防务观察,谈判,死,美,附近,发生,爆炸,塔利班,战
深圳卫视直播港澳台,胡塞,武装,认领,没用,美国,称,伊朗,沙特,袭,事件,幕后,黑手
大国防务,伊朗,惧,压力,突然,发兵,波斯湾,强硬,抓扣,艘,油轮
铁血观世界,伊朗,真,伊军,率先,研发,出,反,隐身,雷达
环球时报国内,美,官员,刚,蔑视,武器,美媒,接着,刊登,耐人寻味,预测
东方卫视-看东方,艘,航母,通过,台湾,海峡
中国军视网,伊朗,火箭,发射,失败,苏晓辉,美国
燃新闻,墨西,阅兵,尴尬,幕,骑兵,总统,眼前,失足,带,马,栽倒
环球时报要闻,马克龙,发,强音,北约,处于,死亡,状态,警告,欧洲,美国,保护
军之家,韩国,电影,拍,志愿军,美军,毫无,军事,常识
挥斥方裘,山沟,里,挖,出来,宝贝,成手,战略,武器,航母,重要
大国天下,伊拉克,独爱,俄,制,武器,美国,威胁,没用,美军,花数,万亿,图
第一龙军,继,美,俄,国,研舰,载机,成功,完成,岸上,拦截,索着陆,测试
环球时报视频,台,冤大头,F16,F35,贵,台媒,蔡英文,失,谈判,立场
小央视频,普京,主抓,超高,声速,锆石,导弹,轨迹,堪称,诡
军之家,航母,遇到,台风,绕,走,潜艇,遇到,台风,潜到,水下,受,波及
百战刀,美军,突然,战机,午夜,空袭,俄,盟国,真实,目标,伊朗
强武堂,想要,围堵,海军,美军,公开,造谣,航母,进入,印度洋
北京电视台-晚间新闻,美国,宣布,制裁,土耳其,特朗普,提高,土,钢材,关税
上海电视台新闻综合频道,土耳其,控制,叙利亚,重镇
环球时报热点,导弹,专家,美国,亚太,部署,陆基,应,做,强烈,反应
环球时报热点,美国,海警,船,频繁,现身,周边,出动,万,吨,海警,船近,监视
北京电视台-晚间新闻,土耳其,叙利亚,北部,库尔德,武装,发起,军事,行动
环球时报视频,新,公布,战机,紧急,出动,数据,军机,成,主要,针对,目标
小罗说战,F-22,战机,改装,改装,装备,隐身,功能
扬我军威,EA-18G,电子战,飞机,架,足以,瘫痪,国家,通讯,绰号,咆哮者
环球时报视频,美国,伊朗,反复,特朗普,抓,沙特
BTV首都晚间报道,俄,太平洋,舰队,装备,锆石,高超,声速,导弹,航母,杀手
军武次位面,绰号,米,开外,击穿,装甲车,解放军,重狙,威力,恐怖
解放军新闻传播中心融媒体,仪仗队,指挥刀,讲究
环球时报视频,澳门,市民,街头,屏幕,前,驻足,观看,国庆,阅兵式
北京电视台-晚间新闻,土军,发兵,叙,重镇,曼比季,叙,政府军,调兵,应对
环球时报视频,美媒,挑拨,俄,关系,徒劳,俄,民众,华,友好,度远,高于,西方
央视新闻,国庆,阅兵,昂首,行进
四川电视台,徒步,方队,毫厘不差,走实,步
BTV北京您早栏目,俄罗斯,猎人,首次,苏-57,协同,飞行,测试
环球时报视频,玉渊,谭,天丨,天,磋商,前,花絮,愿,关闭,美,谈判
环球时报视频,科尔,评价,NBA,事件,没,追问,美国,枪击案,问题
真超级军事迷,公然,投入,美国,怀抱,架,F-35,战机,摆,前沿,俄罗斯,遇到,麻烦
BTV首都晚间报道,美国,航母,霍尔木兹,海峡,进入,海湾
小央视频,超直观,潜艇,pk,强,数,美,俄,国,出人意料
环球时报视频,美,磋商,取得,实质,进展,美,世界,结束,贸易战
环球时报国内,超音速,太空,飞机,缩短,出行,时间,英,高官,绝对,实现
上海电视台新闻综合频道,全球,眼,俄,S-400,首次,军演,欧洲,腹地,北约,淡定
央视网新闻,视频,艘,航母,通过,台湾,海峡,迎风,飘扬
军迷爆笑秀,美,客机,降落,苏联,机场,走出,陆战,队员,苏军,立即,拉响,警报
狙鹰观天下,伊朗,反击,旗开得胜,美军,航母,战斗群,退出,海峡,联合,巡航,恐怕,黄
央视网新闻,沉,航母,现身,空军,双座,战机,飞越,岛礁,机场,扑面而来
解放军新闻传播中心融媒体,权威,发布,艘,航母,通过,台湾,海峡
真超级军事迷,架,苏57,发起,进攻,美军,雷达,全程,反应,实力,低估
北京电视台-晚间新闻,美国,伊朗,增兵,制裁,张,牌
环球时报视频,美军,舰,闯,台海,国防部,解放军,信心,挫败,活动
湖北卫视长江新闻号,沙特,称,伊朗,应,袭击,事件,负,全责
燃军事,印度,舰载,版,光辉,战机,完成,拦截索,测试,现场,工作,鼓掌,欢呼
中国军视网,魏凤,孟加拉国,空军,参谋长,称,友好,邻邦,始终,风雨同舟
军武次位面,弯道,超车,东风,美国,反导,系统,夜,弹道,拦截
BTV首都晚间报道,美留,筹码,牵制,叙,政府,俄罗斯,军事,存在
中国军视网,航空,开放,活动,王明亮,现场,解读,空军,教练机
BTV北京您早栏目,俄罗斯,国防部,公布,战略,核力量,演习,视频
长江新闻号,场,腥风血雨,特朗普,重大,战略,调整,国,严阵以待
环球时报热点,普京,表态,扩大,俄,结算,法媒,俄罗斯,摆脱,美元,铺平,道路
环球时报国内,蔡,宣称,台湾,重回,龙,台媒,权威,数据,直接
新华网客户端军事,空军,警巡,东海,遇,突发,情况,飞行员,油量,掉头,处置
环球时报热点,莫雷,踩雷,火箭队,NBA,灭火,班,美国,政客,急
环球时报视频,俄罗斯,防长,北京,痛批,美国,退出,条约,真实,原因,遏制,俄
新华网客户端军事,神盾,太原舰,抵达,横须,贺港,现场,民众,挥舞,国旗,欢呼,呐喊
中国日报,珍贵,首,枚,导弹,核武器,成功,爆炸,影像,曝光
大国防务,美军,F16,战机,飞掉,东西,枚,导弹
第一财经《财经早班车》,美国,副总统,彭斯,突访,伊拉克
紫龙防务观察,美,武器,拱手,送人,老虎师,火力,全开,收复,重要,油田,俄
北京电视台-晚间新闻,美国,传统,军事,盟国,减少,美式,武器,店,欺客,美国,军火,出口,路,越来越,窄
环球时报国际,NBA,场馆,叠人塔,展示,加泰罗尼亚,独立,旗帜
燃军事,艇员们,脸,潜艇,出海,训练,方向,舵,卡住,转动
北京电视台-特别关注,航空,开放,活动,歼20,逐步,规模化,列装,空军,王牌,部队
第一军情,俄罗斯,抓住,机会,强势,出击,普京,招,果然,厉害
强国网,美国,稀土,供应,加拿大,提供,恐怕,竹篮打水一场空
解放军新闻传播中心融媒体,国防部,航母,部署,根据,国家,安全,威胁,国防,需求,决定
北京电视台-晚间新闻,美军,叙利亚,遭,炮火,袭击,土耳其,否认,袭击,美军
看看新闻Knews,暂停,行动,完全,停火,美土,达成,协议,难,掩
强国网,底气,伊朗,发出,警告,美军,基地,战舰,炮口
人民海军,海军,招飞,宣传片,震撼,发布,飞鲨,召唤
大国鉴,美军,枚,核,导弹,齐射,全球,导弹,美,什么,谈
紫龙防务观察,央视,终于,遮遮掩掩,公开,国产,航母,真实,战力,俄
铁血观世界,国,俄,家门口,沙场,点,兵,恰巧,遇到,俄,联合,演习
龙虎军事视频,美,战机,闯入,领空,国,毫不留情,击落,美军,直接,丧生
一号哨所,缅甸,俄罗斯,伸出,橄榄枝,苏57,迎来,批,订单
北京电视台-晚间新闻,俄罗斯,称,条约,终止,俄,未,进行,导弹,试验
全球尖端武器,揭秘,诞生,半,世纪,老干部,战机,现役,网友,硬气
解放军新闻传播中心融媒体,增设,特别,警队,特别,专家,针对,钓鱼岛
胜腾鉴,彻底,露出,獠牙,艘,准,航母,搭载,美军,F35,俄,N瑟
大国防务,俄罗斯,总统,威慑,轰炸,叙利亚,俄罗斯,导弹,战机,出手
真超级军事迷,美国,情报,部门,出手,核基地,暴露,印军,头号,目标
燃军事,美国,宣扬,限制,官员,家属,赴,美,签证,耿爽,回应
小央视频,次,阅兵,次,备飞,抵达,天安门,前,转身,返航
央视网新闻,主动,泄密,俄,新,北风,神,A,核潜艇,神
解放军新闻传播中心融媒体,美国,北约,反潜,制衡,俄罗斯,专家,远远
环球时报热点,特朗普,算,笔,账,韩国,胆战心惊,笔,钱,笔
小央视频,燃料,拼死,击落,美军,双料,王牌,飞行员
解放军新闻传播中心融媒体,电视,访谈,战略,核潜艇,配套,设施,高,基地,秘密
上海电视台新闻综合频道,夜间,约见,见证,改革,强军,新时代
央视网威虎堂,精华,款,外贸,军机,现身,形象,宣传片,枭龙,生产线,曝光
随性之生活,国产,航母,获,赞誉,获得,订单,专家,竖起
央视新闻,军运会,央视,体育,准备
央视网威虎堂,美军,发言人,承认,遭遇,UFO,飞行,速度,极,快,拦截,画面,曝光
BTV北京您早栏目,阅兵,训练,倒计时,仪仗,新,风采
新华网客户端军事,刺激,空军,开放日,架,歼11,BS,空中,斗法,激烈,缠斗,超,紧张
上海电视台新闻综合频道,全球,眼,石油,美,叙,新建,处,基地
央视网威虎堂,解放军,平台,惊艳,亮相,运送,士兵,压力,俄军,士兵
军武次位面,美国,搞,趴下,世界,老二,现在,盯上
解放军新闻传播中心融媒体,请,祖国,检阅,|,女兵,朱,亚荣,开,导弹,发射车,阅兵场
航空网,苏联,飞行员,架机,穿,桥洞,出名,美军,模仿,导致,百姓,惨死
新京报,民兵,方队,亮相,国庆,阅兵,社会,女性,抽组,成,平均,身高,米
燃军事,埃尔多安,普京,结束,采取,叙利亚,步,行动
新华网客户端军事,美国,装甲,抵达,俄罗斯,邻国,画面,曝光,装甲车,坦克,眼望
新闻空间站,叙,库尔德,武装,说,土,军事,行动,造成,流离失所
中国军视网,听,美国,招呼,北约,特立独行,土耳其
全球尖端武器,局部,战争,美军,动用,全军,力量,网友
福建广播电视台,新闻,链接,解放军,军机,绕台,成,常态
湖北卫视长江新闻号,撤离,半,月,美军,增兵,叙利亚
环球时报热点,霸气,外长,强势,回击,美,政客,华,指责
第一龙军,局势,添,火,沙特,油田,遭到,轰炸,美国,咬定,伊朗,干
上海电视台新闻综合频道,攻击舰,首舰,沪
北京电视台-晚间新闻,叙利亚,局势,俄,防长,称,库尔德,武装,撤出,叙,安全区
解放军新闻传播中心融媒体,关于,开国,阅兵,方队,细节,鲜为人知
亮剑精神,高射炮,战机,没有,命中,目标,砸到,担心
大国防务,全面,战争,准备,伊朗,威胁,美国,敢,动武,先,美军,座,基地
BTV特别关注栏目,韩,美,警戒,王牌,联演
铁血观世界,核武,异常,调动,美,俄,首次,达成,终于,明白,真,兄弟
浙江广播电视台,新,成立,周年,国庆,阅兵,总,规模,约,时长,约
燃军事,胡塞,武装,攻击,沙特,炼油厂,画面,曝光,巨大,油罐,导弹,精准,击穿
BTV首都晚间报道,俄罗斯,巨舰,重,出,江湖,美媒,卖力,鼓吹
燃军事,俄军,轰炸机,赴,波罗的海,巡航,北约,空军,接力,监视,仅,米
青蜂侠,国防部,特朗普,说,实话,叙,留兵,石油
中国军视网,武警,部队,统一,换发,车辆,牌证
环球时报视频,美,合拍,电影,突然,越南,片中,出现,南海
燃新闻,国庆,陆地,阅兵,军舰,海军,视频,告诉
BTV首都晚间报道,土耳其方,叙利亚,北部,俄方,共同,巡逻
央视新闻,威武,霸气,东风,常规,导弹,亮相,阅兵场
新京报,轰―6,N,亮相,国庆,阅兵,系,首次,亮相,国产,新型,远程,战略,轰炸机
燃军事,俄军,架,轰炸机,巡航,韩,战机,紧急,升空,伴飞,监视
 环球时报军事,土耳其,态度,发生,变化,库尔德,通牒,否则,继续
全球尖端武器,构建,战略,空军,运输机,规模,超越,俄罗斯
央广军事,歼-20,运-20,先进,战机,首次,展翅,长春
无未东西,出身,豪门,享受,荣华富贵,非,美国
7号观察室,枚,火箭弹,抓到,弱点,美国,坑
新华网客户端军事,突击,部队,进攻,受阻,请求,火力,支援,数,门,火炮,精准,齐射
中新视频,俄,土,军方,开展,叙,次,联合,巡逻,总路线,长,公里
铁血观世界,核动力,航空母舰,性能,强悍,法国,戴高乐号,航空母舰,恐怕,意外
湖北卫视长江新闻号,美军,增兵,嘲,象征,意义,军事,意义
新华社新闻,蓝天,雄鹰,丨歼-5,型,飞机
第一军情,美国,深陷,战争,泥潭,难,普京,坐收渔利,开辟,新,战场
北京电视台-晚间新闻,美土,背后,早,交易,特朗普,红线,实,虚线
解放军新闻传播中心融媒体,东风,新锐,实施,近程,尖兵,利器
山东卫视-早安山东,土方,称,击中,目标
长江新闻号,刚刚,军团,实力,震撼,全球,军事,项,枚,金牌,全部,收入,囊中
中新视频,国庆,阅兵,典礼,前,女,民兵,方队,受阅,服装,亮相
环球时报视频,特别,豁免,美军,采购,声言
燃军事,国庆,阅兵,完整,剧透,阅兵,时长,夜晚,北京,烟花
北京电视台-特别关注,天津,直升机,博览会,场,飞行,表演
环球时报视频,NBA,场馆,叠人塔,展示,加泰罗尼亚,独立,旗帜
央视网新闻,共和国,成立,周年,运输机,梯队
央视网威虎堂,解放军,外骨骼,系统,集体,亮相,搬,炮弹,压力
小央视频,官方,泄密,俄罗斯,遭,核弹,袭击,决定,核报复
小央视频,东风-17,美军,力推,高超,声速,武器,鼓吹,全球
一号哨所,直-20,舰载版,首次,曝光,海军,短板,发起
环球时报国内,蔡英文,遇难,时,专用车,出事,通信,装备,失踪,半年,台军,牵涉
央视网威虎堂,战略,核力量,东风-41,亮相,国庆,阅兵
环球时报视频,美媒,贸易战,持续,密歇根州,华,关系,强劲
大国将令,排水量,吨,吨,国产,系列,驱逐舰,发展,历程
第一军情,军人,版,祖国,硝烟,深情
上海电视台新闻综合频道,火药桶,炸,空袭,叙利亚
燃军事,美,国防部长,撤军,商量,加强,停火,情报,侦查
解放军新闻传播中心融媒体,北约,称为,死亡,手,俄,装备,瞬间,反击
人民视频,超燃,混剪,秒,阅兵,装备,部队
解放军新闻传播中心融媒体,死亡,手,末日,武器,称为,俄军,装备
北京电视台-晚间新闻,聚焦,新一代,战机,法,德西,联手,联合,研制,未来,空中,战斗,系统
绝对军视,射程,米,提供,先进,导弹,专打,印度
小央视频,超近,围观,F-35B,架,亿,垂直,超犀利
强国网,接近,叙利亚,海岸,时,伊朗,油轮,突然,切断,GPS,美国人,始料不及
环球火力,亚洲,发起,反击,美军,处,基地,瞬间,消失,白宫,非常,失望
燃军事,直击,俄,演习,直升机,吊,运榴,弹炮,全,MAX
黑龙江电视台《新华视点》,备战,伊朗,表示,公里,目标
福建电视台-海峡午报,台,军方,声称,国产,航母,进入,台湾,海峡
 环球时报军事,美国,叙利亚,走私,石油,俄,霸气,指责,禁止,买,偷
中新视频,国庆,阅兵,首次,亮相,徒步,方队
深圳卫视《军情直播间》,韩国,欲,造,航母,竞赛,韩国,计划,研制,款,弹射,航母
全球尖端武器,全面,美军,舰载机,亮相,歼15,战机,更,重要
第一军视,超帅,震撼,国旗,护卫,队员,声音
青蜂侠,热血沸腾,方队,超硬,核表,白,祖国,请,祖国,检阅
央视网威虎堂,鲲鹏,翱翔,天际,架,运-20,巡航,雪域,高原,现场,画面,曝光
军武次位面,美国,军机,月,入侵,领空,次,毫无办法
参考视频,美媒,普京,赢,俄,土,叙利亚,北部,达成,新,协议
解放军新闻传播中心融媒体,宋晓军,伊朗,土,叙,军演,传递,复杂,信息
北京电视台-晚间新闻,土,总统,军事,行动,旨在,防止,土,叙,形成,恐怖,走廊
北京电视台-晚间新闻,聚焦,新一代,战机,俄罗斯,全力,开发,新一代,轰炸机,歼击机,截击机
环球时报热点,伊朗,油轮,遇袭,美国,紧急,增兵,开辟,新,战场
黑龙江电视台《新华视点》,伊朗,土耳其,举行,军演
解放军新闻传播中心融媒体,数据,助力,新兵,射击,升级
君大侠,户外,靶场,射击,实测,步枪,手枪,霰弹枪,认识
青蜂侠,国庆,阅兵,现场,举行,升旗,仪式,国歌声,冉冉,升起
解放军新闻传播中心融媒体,技术,封锁,H/PJ-11型,毫米,舰炮,新型,舰艇,护身,甲胄
思远军事,直接,开火,普京,终于,关键,命令,特朗普,骑虎难下
BTV北京您早栏目,印度,抛,巨额,军事,采购,计划
新华社新闻,新型,信息,力量,首次,集中,亮相,国庆,阅兵
东方卫视-看东方,沙特,公布,导弹,残骸,疑似,采用,北约,零部件
解放军新闻传播中心融媒体,海军,戚继光舰,抵达,斐济,进行,友好,访问
东方卫视-东方新闻,叙利亚,美军,开始,撤离,东北部,土方,跨境,放行
燃军事,重磅,首艘,国产,航母,试挂,满旗,甲板立,支柱,国庆,做,筹备
军武次位面,伊朗,始终,引进,歼10,眼高手低,压根,歼10
扬我军威,护卫舰,近,吨,排水量,直,逼,驱逐舰,成,落,帝国,骄傲
军之家,特种,部队,手里,防弹,盾牌,真的,挡住,子弹,子弹,挡
君大侠,备受,喜爱,AK-105,突击,步枪,户外,靶场,射击,测试
福建电视台海峡新干线,F-16,战机,升级,严重,延迟,空军,战力,调度
环球时报要闻,台,军售,势必,引来,报复,台媒,早,划定,红线,警告,迅速,奏效
央视网新闻,艘,驱逐舰,通过,海峡,军舰,相遇
环球时报视频,解放军,轰6K,飞行员,谈,绕,台,巡航,守,国土,寸,丢
解放军新闻传播中心融媒体,美国,新,武器,射程,远,英里
中国军网,批,赴,刚果,金,维和,部队,官兵,空军,专机,回国
央视网威虎堂,特种兵,插,翅膀,渗透,公里,驾驶舱,罕见,曝光
环球时报视频,港媒,关注,海军,首次,活动,范围,扩大,非洲,南端
小央视频,阅兵,美军,航母,敢,台湾
北京电视台-晚间新闻,俄,国防部,叙,政府军,完全,控制,曼比季
铁血观世界,俄罗斯,航母,杀手,长驱直入,美军,航母,伊朗
央视网新闻,艘,驱逐舰,通过,海峡,军舰,相遇
第一军情,美国,必败,俄罗斯,突然,出手,古巴,迎来,强,支援
大国鉴,印度,专机,飞越,开火,击落,报复,出炉
环球时报热点,美,图谋,战火,烧到,家门口,俄罗斯,强势,回怼,疯子,梦呓
中新视频,声,见证,特殊,新兵,成人礼
环球时报热点,美,贸易战,升级,令,国,衰退,外媒,美国,批,毒化,全球
环球时报国内,官方,宣布,研发,俄,媒,发问,需要,答案
新华网客户端军事,实拍,解放军,陆空,实弹,演习,战机,紧急,发射,导弹,火炮,齐射,场面,震撼
央视网新闻,空军,轰6K,炸吉,普灭,F16,靶标,硝烟,全,轰成渣
环球时报国内,军运会,彰显,解放军,友好,姿态,媒体,时,军队,展示,实力,形象
小央视频,幕后,英雄,教-10,歼-20,飞行员,摇篮
新闻空间站,伊拉克,美国,副总统,彭斯,突访,伊拉克
BTV北京您早栏目,揭秘,国旗,护卫队,训练,现场,网红,升旗手,袁,晋爽,练成
环球时报热点,美媒,投入,培育,芯片,产业,缩小,美,技术,差距
环球时报热点,觉,醒来,情况,新,变化,新,轮,美,高,级别,磋商,开
央视网威虎堂,空军,晒娃,模式,开启,预警机,亮相,空军,专家,透露,重大,讯息
浙江广播电视台,俄,国防部,称,叙,政府军,完全,控制,叙,北部,重镇,曼比季
全球尖端武器,美军,B-2,轰炸机,国家,仿制,俄,专家,技术
3号球员,俄罗斯,杀手锏,威力,巨大,难以,探测
上海电视台新闻综合频道,全球,眼,俄罗斯,争议,岛屿,附近,军演
东方卫视-东方新闻,美军,约,驻军,撤离,叙利亚,北部
中国国情,暖,海军,太原舰,驶入,东京,码头,出,横幅,慰问,灾民
长江新闻号,终于,土耳其,回,碰上,硬茬,国,蓄势待发,燃
军事报道,成功,发射,高,卫星
小央视频,火箭,军曝,弹道,导弹,发射,现场,美媒,紧盯,东风-41
环球时报评论,美,军舰,接连,挑衅,解放军,应对,国防部,答案
燃军事,美国,军舰,擅闯,南海,挑衅,国防部,怒斥,美方,麻烦,制造者
第一军视,武警,反恐,突击,方队,战车,竟然
环球时报国内,美,磋商,新,进展,商务部,透露,重大,消息,外界,传言,准确
深圳卫视《军情直播间》,韩国,战机,性能,韩,X战机,全,尺寸,模型,首次,公开
解放军新闻传播中心融媒体,海军,批,护航,编队,国庆,期间,执行,护航
中新视频,阅兵,开始,提前,仪仗队,风采
环球时报热点,新,总统,首次,访华,欲,修复,华,关系,进一步,市场
小央视频,英媒,隐身,Amazing,美军,研制,放弃
东方卫视-看东方,俄罗斯,叙利亚,增派,军事,警察
环球时报视频,德国,专家,直言,西方,低估,崛起,产生,划时代,影响
环球时报国内,吕秀莲,联署,失败,爆有,黑手,份,联署,书,买走,蔡,彻查
军武次位面,销毁,枚,核弹,美元,援助,国,美国,忽悠,瘸
真超级军事迷,美元,白宫,狮子大开口,高官
7号观察室,美制,战机,究竟,输,俄,制,战机,张,揭开,原因
排头军事,波罗的海,攀,美军,战车,俄军,爆发,战争,周,横扫
扬我军威,争夺,北极,资源,俄罗斯,派,新式,战舰,前往,北冰洋,进行,海试,真是,极,具,挑战性
BTV北京您早栏目,俄罗斯,称,俄,土,协议,满足,利益,叙,库尔德,武装,受益者
通天下,美,舰擅,闯,南海,海域,南部,战区,耍,诡计,发生
北京电视台-特别关注,林肯,航母,进入,波斯湾
上海电视台新闻综合频道,美军,重返,叙利亚,库尔德军,联合,反恐
环球时报视频,岛内,独派,串联,支持,蔡英文,条,台湾,毁灭
小央视频,年前,枪,惨败,年后,新枪一举,雪耻
环球时报国内,美国,幌子,干涉,采取,必要,措施
环球时报国内,首艘,国产,航母,绕台,航行,专家,亚太,撼动,海军
军武次位面,找到,美国,航母,弱点,东风,搬上,灌顶,攻击,航母,甲板
全球尖端武器,航母,歼20,美国,盯,紧,武器,心中
全球尖端武器,航母,战力,遐想,美,建,艘,专家,回应,够用,行
全球尖端武器,运-20,编队,展翅,雪域,高原,战略,空军,雏形,初,现
全球尖端武器,歼20,利爪,霹雳,微型,相控,阵,制导,改变,空战,规则
中国军视网,国防部,美军,舰机,擅闯,南海,岛礁,邻近,海空域,危险性,极,高,挑衅,行动
环球时报热点,韩国,飞行员,流失,韩,称,变成,吸走,飞行员,黑洞
长江新闻号,良心,发现,特朗普,重大,战略,调整,叙利亚,局势,变故
7号观察室,印媒,神奇,操作,国产,航母,P上,印度,国旗
中国军视网,韩,军事,情报,保护,协定,美军,高层,相继,访,韩,韩,施压
扬我军威,苏27,发挥,改进,取,精华,加快,航空,发展
环球时报视频,国民党,痛批,民进党,摘,事情
